date,Stock 1,Stock 2,Stock 3,Stock 4,Stock 5,Portfolio
2018-07-16,1.0,1.0,1.0,1.0,1.0,1.0
2018-07-17,1.0028285283271874,1.0117641249060352,0.9992765418701393,0.997817917323312,1.0072246382742145,1.0037823501401777
2018-07-18,0.9973181361045927,1.0112099380517863,1.0085910652920962,0.9967268759849679,1.0074899179608459,1.0042671866788577
2018-07-19,1.0050703989272545,0.9947763773738127,0.9937601736299512,0.9941811128621653,0.9994666185024115,0.9974509362591191
2018-07-20,1.0027656721421387,0.9951769282684679,1.0063302586362814,0.9867862771245001,0.9986623130695399,0.9979442898481856
2018-07-23,1.003666610794502,0.9887571399568722,1.0250497377464278,0.9867862771245001,0.9954535577110315,0.9999426646666667
2018-07-24,1.010936976198458,1.0037037240259206,1.0322843190450353,1.0063037943993212,1.0085623252046745,1.0123582277746819
2018-07-25,1.0204701642641636,1.0225625380660524,1.0415988424669922,1.0133349496908717,1.0163203449764775,1.0228573678929116
2018-07-26,1.0172854508883673,0.9920493390910238,1.0386145776813167,1.021214692690023,1.020866787265446,1.0180061695232354
2018-07-27,1.0003561850486087,0.9971357867532881,1.0492855850967626,0.9930900715238211,1.0275552219177464,1.0134845700680455
2018-07-30,0.9947619845792826,0.9762577572442098,1.055615843733044,0.9909079888471329,1.032369766017672,1.0099826680842683
2018-07-31,0.9967524304391552,0.9752810715010782,1.0395189003436427,0.9881197720935873,1.0682192113291358,1.01357827714132
2018-08-01,1.0554601072745557,0.9861069196538802,1.0459395912461567,0.9745423687719724,1.077314918031399,1.0278727809955928
2018-08-02,1.0863224941334226,1.0064966062913925,1.0503707722915536,0.9687234816341375,1.06072929336829,1.0345285295437594
2018-08-03,1.089465303385853,1.0004389598845536,1.0588714053174173,0.9722390592799128,1.0845367341812877,1.041110292409805
2018-08-06,1.095122360040228,1.0138601583547784,1.059142702116115,0.9719966056491698,1.0979136034858878,1.047607085929236
2018-08-07,1.0848558498156218,1.0219425072291206,1.0630312895641165,0.9852103285246697,1.0925628557640477,1.0495205661795155
2018-08-08,1.0855891719745223,1.0351332517599547,1.0652016639536988,0.9786640804946055,1.1078136156210228,1.0544803567607608
2018-08-09,1.0941166610794502,1.0417176500282581,1.0569723277265328,0.9736937810643714,1.0968440183663852,1.0526688876529995
2018-08-10,1.0870558162923232,1.0350125377917025,1.0465726171097849,0.9627833676809311,1.0949701278140107,1.0452788933377506
2018-08-13,1.0940747569560845,1.0404446663630527,1.029933080122988,0.952357861558977,1.0917613724555022,1.0417143474913209
2018-08-14,1.0986842105263157,1.0533116779790288,1.036805932356665,0.9493271911746879,1.0890859985945822,1.0454430021262557
2018-08-15,1.1012403620516258,1.032993322322756,1.0282148670645688,0.9327191174687841,1.1011251809687224,1.0392585699752914
2018-08-16,1.1173734495474354,1.0351332517599547,1.037891119551456,0.9455691598981696,1.108078895307654,1.0488091752129338
2018-08-17,1.1396873952396915,1.0327738423804795,1.037891119551456,0.9487210570978302,1.1260050290255488,1.0570156886590012
2018-08-20,1.1285828025477707,1.029750506175617,1.0365346355579672,0.9553885319432659,1.1324253618668916,1.0565363676183024
2018-08-21,1.1263828360710693,1.0334322822073099,1.0428648941942484,0.955630985574009,1.127876097453597,1.0572374191000466
2018-08-22,1.126445692256118,1.0452183551075727,1.0396997648761077,0.9693296157109953,1.1254688254036345,1.0612324506708855
2018-08-23,1.1287504190412336,1.0441209553961888,1.0375293904865257,0.958661655958298,1.1289456825731001,1.0596016206910692
2018-08-24,1.132249413342273,1.0454872180368617,1.0370772291553627,0.9652079039883623,1.13429643029494,1.06286363896356
2018-08-27,1.1415730807911497,1.057717737820235,1.0554349792005788,0.9746635955873441,1.1123600579099913,1.0683498902618598
2018-08-28,1.1507919879316124,1.0605380550784915,1.0502803400253211,0.9732088738028852,1.1102208876709854,1.0690080289018593
2018-08-29,1.1679726785115654,1.096357181658061,1.0468439139084826,0.9802400290944357,1.1102208876709854,1.0803269381687062
2018-08-30,1.1787210861548776,1.0987056170404228,1.0416892747332247,0.9759970905564312,1.1102208876709854,1.0810667912311884
2018-08-31,1.1923399262487429,1.1043736865497205,1.0361729064930367,0.9718753788337982,1.110754269168574,1.0831032334587742
2018-09-04,1.1961532014750251,1.1190788426822644,1.0413275456682944,0.9733301006182569,1.106741208377194,1.0873261797642069
2018-09-05,1.1883590345289976,1.0945574461313916,1.0362633387592695,0.9863013698630138,1.1195818740598797,1.0850126126685105
2018-09-06,1.1686012403620516,1.074524414400079,1.0318321577138723,0.9753909564795733,1.1177108056318312,1.0736119149174814
2018-09-07,1.1591728126047602,1.0711005273005614,1.0338216675709893,0.9919990301854771,1.1289456825731001,1.0770079440469775
2018-09-10,1.143626382836071,1.0639345071852246,1.0283052993308013,0.9905443084010183,1.125200723592677,1.0703222442691585
2018-09-11,1.1725402279584312,1.0903489182382347,1.034816422499548,1.0044853921687478,1.1318891582449773,1.0868160238219877
2018-09-12,1.1579785450888367,1.0919127128269566,1.0226080665581478,1.0077585161837799,1.1345645321058975,1.0829644745527236
2018-09-13,1.1859495474354675,1.0918413818457164,1.026587086272382,0.9979391441386835,1.1463356126690805,1.0897305544722662
2018-09-14,1.1724773717733825,1.0810429686856993,1.0264062217399168,1.0052127530609771,1.1492790883409578,1.0868836807201867
2018-09-17,1.1412587998659067,1.0469357856558883,1.029480918791825,1.0111528670141836,1.1506167752714176,1.0758890293198444
2018-09-18,1.1431444854173651,1.0650538548908361,1.0336408030385242,1.0138198569523578,1.1639908224516922,1.0839299645501552
2018-09-19,1.1438359034528998,1.057026376002063,1.0636643154277448,1.025942538489514,1.157305209923718,1.089554868659188
2018-09-20,1.1525310090512906,1.0668371294218348,1.0727979743172364,1.0282458479815735,1.1704139774173612,1.0981651876378593
2018-09-21,1.1401064364733489,1.0507657106486181,1.0657442575510943,1.0324887865195782,1.1787053786867525,1.0935621139758784
2018-09-24,1.1565119007710358,1.0613830528562571,1.0555254114668113,1.0498242211177113,1.1752285215172869,1.0996946215458205
2018-09-25,1.1638451223600401,1.083435300056516,1.0525411466811359,1.0486119529639957,1.171483562536864,1.1039834169197102
2018-09-26,1.154563359034529,1.0835999100132236,1.0401519262072707,1.0398836222572434,1.1685400868649867,1.0973477808754506
2018-09-27,1.1783020449212203,1.1045218355107573,1.0356303128956412,1.0397623954418718,1.1744242160844154,1.106528160970781
2018-09-28,1.1824296010727455,1.0990458109509518,1.0204376921685658,1.0306703842890048,1.17897348049771,1.1023113937957956
2018-10-01,1.190391384512236,1.0997920427546928,1.0264062217399168,1.040247302703358,1.1843242282195499,1.1082322359859507
2018-10-02,1.200972175662085,1.0816575125240742,1.0306565382528485,1.0481270457025094,1.18298654128909,1.1088799626861214
2018-10-03,1.2155967147167281,1.0714791302009887,1.040332790739736,1.0443690144259912,1.1987706826436533,1.1141096665454195
2018-10-04,1.194225611800201,1.0476984784553003,1.0424127328630854,1.037459085949812,1.195827206971776,1.1035246232080351
2018-10-05,1.1748449547435467,1.0368506823082706,1.0365346355579672,1.0345496423808949,1.2014460565045733,1.0968451942990505
2018-10-08,1.1721211867247736,1.023006984949163,1.0428648941942484,1.044126560795248,1.211343246515382,1.098692574635763
2018-10-09,1.1883590345289976,1.0262443140977453,1.0356303128956412,1.0487331797793673,1.216425892426265,1.1030785467456035
2018-10-10,1.1332970164264164,0.9631054217032741,1.0080484716947007,1.0246090435204267,1.1907445610608929,1.063960902881142
2018-10-11,1.1233028830036875,0.9434125838824904,0.977844094773015,0.9892108134319312,1.1452660275495776,1.0358072805281402
2018-10-12,1.1634260811263828,0.9814100488891571,0.9671730873575692,0.9865438234937568,1.1712154607259067,1.0539537003185546
2018-10-15,1.138535031847134,0.9662330108807181,0.9616567191173812,0.9797551218329494,1.1535574288189692,1.0399474624994303
2018-10-16,1.1636356017432115,0.9986117893650994,0.9822752758184121,0.9843617408170688,1.1752285215172869,1.0608225858522158
2018-10-17,1.158607106939323,1.0050699866665935,0.9932175800325557,0.9879985452782156,1.1923503498023102,1.0674487137437996
2018-10-18,1.1315160911833724,0.9715938084708284,0.9774823657080847,0.9922414838162201,1.1770995899453354,1.049986667824768
2018-10-19,1.1487596379483742,0.9679230064362493,0.9758545849158979,0.993696205600679,1.1904764592499357,1.0553419788302272
2018-10-22,1.1557785786121353,0.9817886517895845,0.9618375836498463,0.9837556067402111,1.18699960208047,1.0540320045744493
2018-10-23,1.1666736506872275,0.9704854347623306,0.9517996020980286,0.9678748939265367,1.1797749638062554,1.0473217090560758
2018-10-24,1.1266552128729468,0.9131462998425232,0.9340748779164406,0.9409625409140503,1.1364384226582718,1.0102554708408467
2018-10-25,1.1513157894736843,0.9778764218185011,0.9482727437149575,0.9493271911746879,1.1613154485907722,1.0376215189545206
2018-10-26,1.1329827355011732,0.9014096099292725,0.9352504973774644,0.9398714995757063,1.1396471780167803,1.0098323040800792
2018-10-29,1.1117163928930607,0.8443832339272095,0.9481823114487249,0.9340526124378713,1.1565009044908463,0.9989670910395425
2018-10-30,1.1172686892390211,0.8397412331480557,0.9649122807017544,0.9550248514971512,1.1474051977885833,1.0048704504749133
2018-10-31,1.1463920549782098,0.8768278563942737,0.9858925664677156,0.9659352648805918,1.1519544622018778,1.0254004409845336
2018-11-01,1.1639917867918204,0.9138760706505934,0.9855308374027854,0.9779367196023762,1.1682719850540295,1.0419214799003211
2018-11-02,1.0867834394904459,0.9138760706505934,0.9801049014288298,0.9934537519699358,1.1484747829080861,1.0245385892895782
2018-11-05,1.055942004693262,0.8931736250953366,0.9865255923313438,0.9896957206934175,1.1642589242626495,1.0179191734152018
2018-11-06,1.0673608783104256,0.9014096099292725,0.991137637909206,0.993938659231422,1.1506167752714176,1.0208927121303488
2018-11-07,1.0997318136104592,0.9632371096686402,1.0081389039609334,1.0065462480300644,1.1878010853890157,1.0530910321318228
2018-11-08,1.0920843110962117,0.9629188637523389,1.0162778079218664,0.9905443084010183,1.1730865291539554,1.046982364065078
2018-11-09,1.0710274891049278,0.9396100938825453,1.0064206909025142,0.9803612559098074,1.1845923300305072,1.0364023719660604
2018-11-12,1.0170759302715386,0.8981393587893486,0.9852595406040876,0.9677536671111651,1.1800430656172127,1.0096543124786705
2018-11-13,1.006914180355347,0.8950227436090185,0.9910472056429734,0.9455691598981696,1.1642589242626495,1.0005624427536317
2018-11-14,0.97846128059001,0.8773765562499657,0.9706095134744077,0.9381743241605044,1.1479414014104976,0.9825126151770771
2018-11-15,1.0026190077103587,0.8885864943017521,0.9953879544221378,0.9478724693902292,1.155967522993258,0.9980866897635472
2018-11-16,1.0137236004022796,0.8743038370580909,0.994664496292277,0.9572069341738393,1.1639908224516922,1.0007779380756356
2018-11-19,0.9735375460945357,0.8297933047643609,1.0022608066558147,0.9603588313734999,1.181916956169587,0.9895734890115596
2018-11-20,0.9270239691585651,0.8205586861930656,0.980737927292458,0.9330827979148988,1.1645270260736067,0.9651860813265187
2018-11-21,0.9259763660744217,0.832229532123633,0.9734129137276181,0.9402351800218209,1.1530240473213806,0.9649756078537749
2018-11-23,0.902468152866242,0.8241801052406322,0.9644601193705915,0.9151412292399078,1.1540936324408835,0.9520686478316515
2018-11-26,0.9146622527656721,0.8676755428013322,0.988062940857298,0.9332040247302704,1.1594443801627237,0.9726098282634592
2018-11-27,0.9126718069057995,0.8677249257883446,0.9922228251039971,0.9340526124378713,1.17897348049771,0.9771291301467444
2018-11-28,0.947766510224606,0.9205811828871489,1.0032555615843732,0.9510243665898898,1.201177954693616,1.0047611151959268
2018-11-29,0.9404961448206502,0.9182876174903566,0.9952975221559053,0.958419202327555,1.2174954775457678,1.005999192868047
2018-11-30,0.935404793831713,0.9273960350948428,1.0055163682401882,0.9637531822039036,1.2367592981941227,1.013765935512954
2018-12-03,0.9680900100569896,0.972493676234163,1.0150117561946101,0.9846041944478119,1.2303389653527796,1.0341077204572708
2018-12-06,0.9151860543077438,0.932345307793184,0.951257008500633,0.9502970056976604,1.2033171249326218,0.9904805002463686
2018-12-07,0.8825636942675158,0.893903395903407,0.9340748779164406,0.9412049945447933,1.1749604197063297,0.9653414764676972
2018-12-10,0.8883674153536707,0.900432924186141,0.9166214505335504,0.9278700448539218,1.1878010853890157,0.96421858406326
2018-12-11,0.8832970164264163,0.9016455508672201,0.9076686561765238,0.9295672202691236,1.1773676917562927,0.9599092270991154
2018-12-12,0.8857484076433121,0.9127841579377665,0.9135467534816423,0.9215662504546006,1.1813807525476727,0.9630052644129987
2018-12-13,0.8954492122024806,0.9099528666823962,0.9144510761439683,0.9332040247302704,1.1923503498023102,0.9690815059122851
2018-12-14,0.866786791820315,0.873480787274553,0.9069451980466631,0.916232270578252,1.1717488422234952,0.9470387779886558
2018-12-17,0.8587202480724103,0.8345230975204254,0.8953698679688914,0.8975633410110317,1.153292149132338,0.9278937407410194
2018-12-18,0.8698876969493798,0.8512968521089279,0.8911195514559596,0.8728330706752334,1.13429643029494,0.9238867202968881
2018-12-19,0.8427547770700636,0.8203501802479025,0.8798155181768856,0.8580433991999031,1.1227934515427143,0.904751465247494
2018-12-20,0.821488434461951,0.8015572101904537,0.8722192078133478,0.8319796338950176,1.1222572479207997,0.8899003468563139
2018-12-21,0.7895365403955749,0.7558066162228599,0.8516006511123169,0.8257970663110681,1.1217238664232114,0.8688929480930063
2018-12-24,0.7691082802547771,0.7374306580557369,0.8332429010671007,0.7941568674990909,1.0848048359922449,0.8437487085737901
2018-12-26,0.8232693597049949,0.8070826177372716,0.8677880267679507,0.8321008607103892,1.1286804028864688,0.8917842535614151
2018-12-27,0.8179265839758632,0.8020016570735642,0.8775547115210708,0.8357376651715359,1.1463356126690805,0.895911246082223
2018-12-28,0.8183456252095206,0.8109893607097981,0.8756556339301863,0.8264032003879259,1.1492790883409578,0.8961345817156777
2018-12-31,0.8262445524639624,0.82413072225362,0.8827997829625611,0.826645654018669,1.167738603556441,0.9055118630510506
2019-01-02,0.8271873952396915,0.8445204088911326,0.8980828359558691,0.844829676324403,1.1570371081127608,0.9143314849047715
2019-01-03,0.7448038887026484,0.8232034194975006,0.8781877373846989,0.8318584070796461,1.1246673420950886,0.8805441589519166
2019-01-04,0.7765881662755615,0.8644162656585221,0.9105624886959667,0.8625287913686509,1.1503486734604607,0.9128888770918324
2019-01-07,0.7748700972175662,0.8941119018485698,0.9111955145595949,0.8670141835373985,1.1565009044908463,0.9207385203307952
2019-01-08,0.7896413007039893,0.9089652069421505,0.9094773015011756,0.8733179779367197,1.1618516522126867,0.9286506878593445
2019-01-09,0.8030506201810258,0.9105235145323157,0.9079399529752217,0.877924596920839,1.1594443801627237,0.9317766129544254
2019-01-10,0.805606771706336,0.9087676749941015,0.9078495207089889,0.8734392047520911,1.1318891582449773,0.9255104660812989
2019-01-11,0.797707844451894,0.9001750352539657,0.9035087719298246,0.8694387198448297,1.1471370959776264,0.923593493491628
2019-01-14,0.7857023131076097,0.887362893623559,0.9128232953517815,0.8683476785064856,1.1334949469863946,0.9175462255151661
2019-01-15,0.8017934964800536,0.9188308303474916,0.9195152830529933,0.868832585767972,1.1431240351862462,0.9304192461669514
2019-01-16,0.8115781092859538,0.9238898430169713,0.9269307288840658,0.8684689053218573,1.1265384105231373,0.9314811994063972
2019-01-17,0.8163970834730138,0.9290695696547032,0.9307288840658348,0.8744090192750636,1.1361703208473146,0.937354975463186
2019-01-18,0.8214255782769024,0.9307046952246651,0.9458310725266775,0.8848345253970178,1.1377761095887318,0.9441143962027988
2019-01-22,0.8029877639959773,0.8955714434647104,0.9309097485982999,0.8714995757061462,1.1308195731254744,0.9263576209781217
2019-01-23,0.8062353335568219,0.899878737331892,0.9285585096762525,0.8643471935992242,1.127876097453597,0.9253791743235575
2019-01-24,0.7998449547435467,0.9080598521802589,0.929101103273648,0.8655594617529399,1.095506331435925,0.9196143406772638
2019-01-25,0.8263493127723768,0.9166415179232807,0.9349792005787665,0.8694387198448297,1.0872121080422077,0.9269241718322924
2019-01-28,0.8187018102581294,0.8987100066392683,0.9394103816241635,0.8636198327069948,1.0575177158854556,0.9155919494228023
2019-01-29,0.8102162252765672,0.8745617259902662,0.9420329173449087,0.866892956722027,1.0906917873359994,0.9168791225339536
2019-01-30,0.8655925243043916,0.916564699943484,0.9442032917344908,0.8763486483210088,1.1123600579099913,0.9430138444426733
2019-01-31,0.8718152866242038,0.9430669029734046,0.935973955507325,0.8883501030427932,1.1356341172254003,0.9549680730746253
2019-02-01,0.8722343278578613,0.8923121663219002,0.9394103816241635,0.920353982300885,1.1471370959776264,0.9542895908164872
2019-02-04,0.8970206168286959,0.8961969613001991,0.9427563754747694,0.9070190326100133,1.135366015414443,0.9556718003256242
2019-02-05,0.9123575259805565,0.9101888076203436,0.9385964912280702,0.9163534973936236,1.1265384105231373,0.9608069465491462
2019-02-06,0.9126718069057995,0.9000104252972582,0.9381443298969072,0.9123530124863621,1.1324253618668916,0.9591209872906437
2019-02-07,0.8953863560174321,0.8858045860333938,0.9258455416892747,0.9053218571948116,1.1155716353928256,0.9455859952655474
2019-02-08,0.8926206838752934,0.8714560848070497,0.9166214505335504,0.8968359801188024,1.1297499880059716,0.9414568374681334
2019-02-11,0.8874874287629901,0.8729814704058733,0.9122807017543859,0.898290701903261,1.1150354317709112,0.9372151469194844
2019-02-13,0.8914054642976869,0.8998677633347782,0.9322662325917888,0.9243544672081465,1.1155716353928256,0.9526931125650453
2019-02-14,0.8946530338585317,0.8903478208385232,0.9262072707542052,0.9245969208388896,1.1227934515427143,0.9517196995665728
2019-02-15,0.8926625879986589,0.8822819329598517,0.9545125700850063,0.9420535822523942,1.13429643029494,0.9611614207181702
2019-02-19,0.8953444518940663,0.8930529111270843,0.9511665762344005,0.9483573766517155,1.1396471780167803,0.9655136987848094
2019-02-20,0.9011062688568555,0.8900460359178926,0.9557786218122626,0.9519941811128623,1.1289456825731001,0.9655741580545947
2019-02-21,0.8960149178679182,0.8885864943017521,0.9537891119551456,0.9433870772214814,1.1273427159560085,0.9618240634604612
2019-02-22,0.9060300033523299,0.8952367365527383,0.9495387954422138,0.9506606861437751,1.1492790883409578,0.970149061966403
2019-02-25,0.9126299027824337,0.8960268643449347,0.9594863447277988,0.9516305006667476,1.1524878436994663,0.9744522912442763
2019-02-26,0.9131537043245055,0.8978924438542873,0.952161331162959,0.9535701297126925,1.1508820549580492,0.9735319328024987
2019-02-27,0.915982232651693,0.9004658461774824,0.9509857117019352,0.9633895017577889,1.1484747829080861,0.9758596150393972
2019-02-28,0.906972846128059,0.8997744843593106,0.9437511304033279,0.9580555218814403,1.1597124819736808,0.9736532929491638
2019-03-01,0.9165060341937646,0.9172780097558835,0.9443841562669562,0.9698145229724816,1.159980583784638,0.9815926613947447
2019-03-04,0.921115487763996,0.9306882342289944,0.9422137818773738,0.973572554249,1.1522197418885092,0.9839619600015747
2019-03-05,0.9194393228293665,0.9286360967687066,0.9414903237475131,0.9721178324645412,1.1474051977885833,0.9818177547197422
2019-03-06,0.9141384512236004,0.9157526241570598,0.9379634653644421,0.9610861922657292,1.1198499758708371,0.9697581417763337
2019-03-07,0.9035576600737513,0.8921585303623065,0.9311810453969976,0.9717541520184265,1.1072774119991082,0.961185759970118
2019-03-08,0.9057157224270869,0.889332726105493,0.9315427744619281,0.9578130682506972,1.0939005426945079,0.9556609667879427
2019-03-11,0.9370809587663426,0.9166689529160653,0.9436606981370953,0.9671475330343072,1.1102208876709854,0.974955806104959
2019-03-12,0.947619845792826,0.9180297285581813,0.9408572978838851,0.9698145229724816,1.1163731187013712,0.978538902781749
2019-03-13,0.9518102581293999,0.9277472030024856,0.9440224272020257,0.9784216268638622,1.123863036662217,0.9851729103719981
2019-03-14,0.962391049279249,0.9252286706648596,0.952613492494122,0.9751485028488301,1.101926664277268,0.9834616759128657
2019-03-15,0.9748994301039222,0.9395716848926469,0.9635557967082655,0.971632925203055,1.1177108056318312,0.9934741285079441
2019-03-18,0.9848516594032853,0.9559174535937097,0.9693434617471514,0.98290701903261,1.118512288940377,1.0023063765434266
2019-03-19,0.9770574924572578,0.9667268407508408,0.9658166033640803,0.9803612559098074,1.1316210564340201,1.0043166497832012
2019-03-20,0.9855849815621857,0.9861617896394493,0.9451980466630494,0.9858164626015274,1.1281441992645544,1.0061810959461532
2019-03-21,1.0218949044585988,0.998227699466115,0.9302767227346718,0.9915141229239909,1.1329587433644803,1.0149744385895714
2019-03-22,1.0007333221589003,0.9683290443294613,0.9021522879363357,0.9756334101103165,1.1195818740598797,0.9932859877189788
2019-03-25,0.9886230305062018,0.9735362059599778,0.8946464098390307,0.9688447084495091,1.1206542813037086,0.9892609272116856
2019-03-26,0.9784193764666443,0.9787488545890513,0.9035992041960572,0.9814522972481513,1.1348326339168546,0.9954104732833517
2019-03-27,0.9872192423734496,0.9688393351952549,0.900524507144149,0.9739362346951147,1.1241311384731743,0.9909300915762284
2019-03-28,0.9885182701977874,0.9730752980811966,0.9107433532284318,0.9787853073099769,1.131352954623063,0.9964950366880911
2019-03-29,0.9949715051961112,0.9770972680234185,0.9154458310725268,0.9795126682022064,1.1361703208473146,1.0006395186683155
2019-04-01,1.0017180690579954,0.9954457911977569,0.9462832338578405,0.9907867620317615,1.1460675108581233,1.0160602734006956
2019-04-02,1.0162797519275897,0.9953305642280617,0.9508048471694701,0.9865438234937568,1.1479414014104976,1.019380077645875
2019-04-03,1.0232567884679853,0.9990178272583115,0.9527039247603545,0.9807249363559221,1.1460675108581233,1.0203541975401393
2019-04-04,1.0250377137110291,0.9980082195238382,0.954603002351239,0.9946660201236514,1.1433921369972033,1.023141418541392
2019-04-05,1.0318890378813275,1.0081152708656838,0.9523421956954241,1.0,1.1500805716495033,1.0284854152183878
2019-04-08,1.0481268856855515,1.0150179150502883,0.9554168927473323,1.0061825675839495,1.1540936324408835,1.035767578701601
2019-04-09,1.044984076433121,1.0073251430734873,0.9483631759811901,0.9932112983391927,1.1460675108581233,1.027990240937023
2019-04-10,1.0508506537043245,1.0136297044153877,0.952613492494122,0.988725906170445,1.1431240351862462,1.029788758394105
2019-04-11,1.0421136439825678,1.011840942885832,0.9606619641888227,0.9934537519699358,1.1308195731254744,1.0277779752305265
2019-04-12,1.0416946027489105,1.011286756031583,1.0056972327726532,0.9809673899866651,1.115836915079457,1.0310965793238538
2019-04-15,1.0435802883003686,1.0122799027703855,0.9942123349611142,0.977694265971633,1.1260050290255488,1.03075436420581
2019-04-16,1.0436850486087832,1.022249779148308,1.0047024778440947,0.9843617408170688,1.0947048481273796,1.0299407789091268
2019-04-17,1.0640085484411665,1.0232264648914398,1.0336408030385242,0.9871499575706147,1.0668815243986758,1.0349814596680842
2019-04-18,1.0678218236674488,1.021509034343124,1.0260444926749863,0.9835131531094679,1.0535046550940754,1.0304786317778203
2019-04-22,1.071341770030171,1.0355667246459515,1.0273105444022428,1.004970299430234,1.0428031596503953,1.0363984996317988
2019-04-23,1.0867834394904459,1.0555723213844794,1.028576596129499,1.010789186568069,1.0545742402135783,1.0472591567572143
2019-04-24,1.0851072745558163,1.0434899505621429,1.0268583830710798,0.9911504424778762,1.0532365532831185,1.0399685207900067
2019-04-25,1.0752598055648674,1.043764300489989,1.0274009766684753,0.9967268759849679,1.0596568861244613,1.0405617689665523
2019-04-26,1.0701265504525646,1.070310399508365,1.0351781515644782,0.975754636925688,1.0692887964486386,1.0441317069799472
2019-04-29,1.0717608112638284,1.0636162612689233,1.0500994754928559,0.9694508425263669,1.0591235046268728,1.0428101790357693
2019-04-30,1.0511230305062018,1.0570812459876322,1.0494664496292276,0.9732088738028852,1.086410624733662,1.043458044931922
2019-05-01,1.1027070063694269,1.0488507481522533,1.041417977934527,0.9536913565280641,1.0906917873359994,1.047471775264054
2019-05-02,1.0955414012738853,1.0429796596963494,1.043678784590342,0.9369620560067888,1.0971121201773422,1.0432548043489416
2019-05-03,1.1091602413677506,1.0768015188012006,1.0500994754928559,0.9391441386834768,1.1072774119991082,1.0564965572688785
2019-05-06,1.092021454911163,1.0702665035199095,1.040784952070899,0.9350224269608437,1.1142339484623656,1.050465857185036
2019-05-07,1.0625838082467316,1.0540524227842127,1.0237836860191716,0.9300521275306098,1.0922947539530907,1.0325533597067633
2019-05-08,1.0627933288635603,1.0522801222503277,1.0183577500452161,0.9315068493150686,1.095506331435925,1.0320888763820197
2019-05-09,1.0513744552463962,1.042458394833442,1.0175438596491229,0.9306582616074676,1.0872121080422077,1.0258494158757272
2019-05-10,1.0328318806570567,1.037031753260649,1.0174534273828904,0.9281124984846649,1.0893541004055391,1.02095673203816
2019-05-13,0.9728042239356353,1.0001042529725814,0.9897811539157172,0.9178082191780822,1.0853410396141592,0.9931677779232352
2019-05-14,0.9882039892725444,1.0096735784558488,0.9976487610779525,0.9190204873317979,1.087748311664122,1.000459025560453
2019-05-15,1.0000419041233657,1.0266997349779698,0.9938506058961838,0.9258091889926052,1.1008570791577652,1.009451702629578
2019-05-16,0.9956419711699631,1.04668338372227,1.0066015554349792,0.9256879621772337,1.1139658466514084,1.0177161438311708
2019-05-17,0.9899849145155883,1.0255200302882321,1.0017182130584192,0.9202327554855134,1.109416582238114,1.0093744991171734
2019-05-20,0.95903871940999,1.020016570735642,1.0069632844999095,0.920111528670142,1.1126281597209482,1.0037516526073262
2019-05-21,0.9774136775058665,1.0192209559448886,1.0103997106167482,0.9243544672081465,1.114767329959954,1.009231228247121
2019-05-22,0.9574044585987261,1.0204061476331832,1.0021703743895822,0.9159898169475089,1.1233296551646286,1.0038600905467259
2019-05-23,0.9410618504860878,0.9961536140115995,0.9824561403508772,0.8945326706267428,1.1214557646122543,0.9871320080175124
2019-05-24,0.9374580958766343,1.0004334728859967,0.9921323928377644,0.898290701903261,1.1222572479207997,0.9901143822848912
2019-05-28,0.9335819644653034,1.0076488759883457,0.981370953156086,0.8802279064128986,1.12091956099034,0.9847498522025948
2019-05-29,0.9291191753268521,0.9981892904762166,0.9786579851691083,0.8747726997211783,1.116105016890414,0.9793688335167537
2019-05-30,0.9339381495139122,0.9966145218903807,0.9681678422861277,0.8724693902291187,1.12091956099034,0.978421892981976
2019-05-31,0.9170298357358364,0.9739806528430882,0.9582202930005426,0.8579221723845315,1.110754269168574,0.9635814446265145
2019-06-03,0.9077480724103252,0.9287787587311864,0.9627419063121722,0.8713783488907746,1.1214557646122543,0.9584205701913426
2019-06-04,0.9409570901776734,0.9490093224105481,0.9924036896364623,0.8921081343193116,1.1297499880059716,0.9808456449099934
2019-06-05,0.9561473348977538,0.9539146991204341,0.9959305480195333,0.8847132985816464,1.1364384226582718,0.9854288606555279
2019-06-06,0.9701852162252765,0.9626170788317082,0.9981009224091156,0.9008364650260638,1.1425906536886576,0.9948660672361644
2019-06-07,0.9960191082802546,0.9898710006639269,0.987158618194972,0.904109589041096,1.148209503221455,1.005073563880341
2019-06-10,1.0087370097217567,1.0209274124960905,0.9978296256104179,0.9081100739483574,1.1522197418885092,1.0175647727330264
2019-06-11,1.020428260140798,1.0226119210530649,1.000904322662326,0.9072614862407565,1.1415210685691546,1.01854541173322
2019-06-12,1.017180690579953,1.0180138162623662,0.9881533731235305,0.8974421141956601,1.1524878436994663,1.0146555675721953
2019-06-13,1.0169711699631243,1.0262333401006316,0.9905950443118106,0.9053218571948116,1.1369718041558603,1.0152186431452477
2019-06-14,1.0095750921890714,1.0258876591915456,0.9931271477663229,0.9013213722875499,1.1439283406191176,1.0147679224107216
2019-06-17,1.0156092859537378,1.0348643888306657,0.9877012117923675,0.9102921566250456,1.1471370959776264,1.0191208278358885
2019-06-18,1.039494636272209,1.04328144461698,1.0011756194610237,0.9181718996241969,1.1522197418885092,1.0308686683725838
2019-06-19,1.0364565873281932,1.0473527975462142,0.9939410381624163,0.9130803733785913,1.1637255427650608,1.0309112678360952
2019-06-20,1.0447745558162924,1.0525105761897184,0.9964731416169289,0.9287186325615227,1.166400916625981,1.0377755645620885
2019-06-21,1.0412127053302045,1.048730034184001,0.9896907216494846,0.9418111286216512,1.1682719850540295,1.037943314967874
2019-06-24,1.040165102246061,1.0501566538088,0.9826370048833424,0.9328403442841557,1.1706792571039923,1.0352956724652702
2019-06-25,1.0244091518605432,1.0306064779504962,0.9744981009224092,0.9245969208388896,1.1706792571039923,1.024957981735266
2019-06-26,1.0465554810593363,1.0413390471278305,0.9810092240911558,0.928597405746151,1.1500805716495033,1.0295163459347954
2019-06-27,1.0462412001340933,1.0448781611970437,0.9842647856755291,0.9191417141471693,1.1618516522126867,1.0312755026733043
2019-06-28,1.0367080120683874,1.0390345077339245,1.0110327364803762,0.9289610861922657,1.1589081765408094,1.0349289038031526
2019-07-01,1.055732484076433,1.0547053756124862,1.0280340025321035,0.9281124984846649,1.1709473589149497,1.0475063439241274
2019-07-02,1.0619133422728797,1.0613556178634724,1.0291191897268945,0.9179294459934538,1.18298654128909,1.050660827429158
2019-07-03,1.0707132081796848,1.0639290201866678,1.0202568276361006,0.9266577767002061,1.1878010853890157,1.053871583618335
2019-07-05,1.0697703654039556,1.0660744366224233,1.026315789473684,0.9228997454236877,1.1749604197063297,1.052004151326016
2019-07-08,1.0477078444518941,1.0712377022644843,1.0207089889672636,0.9271426839616924,1.1583747950432208,1.045034402937711
2019-07-09,1.0540982232651692,1.0909799230722803,1.0250497377464278,0.9265365498848347,1.1602458634712693,1.0513820594879963
2019-07-10,1.0645323499832382,1.1069525758714727,1.0220654729607523,0.9396290459449631,1.1787053786867525,1.0623769646894357
2019-07-11,1.0567800871605766,1.0979868202294663,1.0318321577138723,0.9403564068371923,1.1498124698385463,1.0553535883559308
2019-07-12,1.064888535031847,1.1034354097964871,1.0426840296617834,0.9410837677294217,1.13429643029494,1.057277634502896
2019-07-15,1.0749036205162588,1.1089169213548498,1.0300235123892205,0.934416292883986,1.1436602388081605,1.0583841171904953
2019-07-16,1.071174153536708,1.1028318399552262,1.0410562488695967,0.9204752091162567,1.1463356126690805,1.0563746128293736
2019-07-17,1.0651609118337244,1.0930265735340112,1.0308374027853138,0.9150200024245364,1.1433921369972033,1.049487405514958
2019-07-18,1.0772502514247402,1.085273444573084,1.03698679688913,0.9072614862407565,1.1519544622018778,1.0517452882659177
2019-07-19,1.0611800201139792,1.077931840503926,1.0267679508048473,0.9090798884713298,1.1441964424300748,1.0438312284648315
2019-07-22,1.0854215554810593,1.0895148944575828,1.0333695062398263,0.9100497029943023,1.1455341293605348,1.052777957706661
2019-07-23,1.0939071404626215,1.0943763751790134,1.052269849882438,0.9136865074554492,1.1527559455104235,1.0613991636979891
2019-07-24,1.093027153871941,1.0978441582669864,1.0565201663953698,0.9135652806400776,1.1474051977885833,1.0616723913925916
2019-07-25,1.0843739523969158,1.0830347491618608,1.0463917525773196,0.9083525275791007,1.1415210685691546,1.05273481005687
2019-07-26,1.0881453234998324,1.06615125460222,1.0510037981551819,0.9068978057946419,1.1527559455104235,1.05299082551246
2019-07-29,1.098307073416024,1.0493610390180468,1.047657804304576,0.9133228270093345,1.1088832007405254,1.0435063888977012
2019-07-30,1.0935928595373785,1.041723137026815,1.0453065653825286,0.9134440538247061,1.0377205137395122,1.026357425902188
2019-07-31,1.1159068052296346,1.0243019166085958,1.0490142882980649,0.9014425991029216,1.0390582006699722,1.0259447619818378
2019-08-01,1.0917700301709687,1.0180138162623662,1.0213420148308916,0.8784095041823251,1.023274059315409,1.0065618849523923
2019-08-02,1.0686599061347637,1.0004115248917689,1.021251582564659,0.8698024002909445,1.0165856246631089,0.995342207709049
2019-08-05,1.0127179014415018,0.9685265762775105,0.9908663411105082,0.8519820584313251,0.9887651230587312,0.9625716000639153
2019-08-06,1.0318890378813275,0.9809820630017174,0.9986435160065112,0.8602254818765911,0.9884970212477739,0.9720474240027842
2019-08-07,1.042574589339591,0.9840383211979216,0.9769397721106892,0.8546490483694994,0.9785998312369654,0.9673603124509332
2019-08-08,1.0655799530673817,1.0057064784991963,0.9934888768312534,0.8774396896593526,0.9863578510087683,0.9857145698131905
2019-08-09,1.0527991954408313,0.9918188851516332,0.9924036896364623,0.8587707600921325,0.9724447780822537,0.9736474616806626
2019-08-12,1.050117331545424,0.979385346421654,0.9737746427925484,0.8441023154321736,0.9467634467168816,0.9588286165817363
2019-08-13,1.0945985584981561,1.00101509473303,0.9887863989871587,0.8545278215541278,0.9416808008059988,0.9761217349156943
2019-08-14,1.062018102581294,0.967335897590659,0.9477301501175619,0.8200994059886048,0.9159994694406267,0.9426366051437493
2019-08-15,1.056717230975528,0.9745567876915647,0.9513474407668656,0.8152503333737423,0.9224198022819696,0.9440583190179341
2019-08-16,1.0816501843781428,0.9835829003176971,0.9741363718574787,0.8279791489877562,0.9269662445709383,0.9588629700224025
2019-08-19,1.1018270197787463,0.9965047819192423,0.9829083016820401,0.8419202327554856,0.9411445971840843,0.9728609866639198
2019-08-20,1.101868923902112,0.9884169460463432,0.9704286489419425,0.8368287065098801,0.9258966594514355,0.9646879769703427
2019-08-21,1.1138115990613475,1.0005761348484765,0.9731416169289202,0.8451933567705177,0.9328531959146928,0.973115180704791
2019-08-22,1.1128687562856185,0.9907324594373631,0.9831795984807379,0.8433749545399442,0.9384692233231642,0.9737249984133657
2019-08-23,1.0614314448541735,0.9600162415157284,0.9587628865979381,0.8181597769426597,0.9186748433015467,0.9434090386424092
2019-08-26,1.081608280254777,0.9705787137377982,0.9664496292277085,0.8225239422960359,0.9320488904818213,0.9546418911996282
2019-08-27,1.069393228293664,0.966715866753727,0.9562307831434256,0.814522972481513,0.9186748433015467,0.9451075387947752
2019-08-28,1.0765797854508883,0.9680437204045015,0.9658166033640803,0.8204630864347195,0.9384692233231642,0.9538744837954708
2019-08-29,1.0948080791149848,0.980197422208078,0.9877012117923675,0.8295550975875865,0.9451576579754645,0.9674838937356963
2019-08-30,1.0933833389205498,0.9746500666670325,0.9934888768312534,0.8301612316644442,0.9510446093192189,0.9685456246804998
2019-09-03,1.0774597720415688,0.9820849497116582,0.9817326822210165,0.8311310461874167,0.9662925470518677,0.9677401994427056
2019-09-04,1.095750921890714,0.9879999341560173,0.993579309097486,0.8399806037095406,0.9585345272800648,0.9751690592267647
2019-09-05,1.1171639289306068,1.010002798369264,1.0161873756556339,0.8518608316159535,0.9721794983956223,0.9934788865934161
2019-09-06,1.1170591686221922,1.0060466724097252,1.0183577500452161,0.8598618014304765,0.9764578388736337,0.9955566462762487
2019-09-09,1.1218362386858867,1.0048614807214304,1.0435883523241094,0.8666505030912838,0.9852854437649397,1.00444440371753
2019-09-10,1.13507794166946,0.9989355222799576,1.0568818954603003,0.8736816583828343,1.0,1.0129154035585104
2019-09-11,1.1711783439490446,1.000274349927846,1.059775727979743,0.8719844829676325,1.0008043054328715,1.0208034420514276
2019-09-12,1.1685174321153202,1.011555618960872,1.0662868511484898,0.8725906170444904,0.9973246261390799,1.0232550290816504
2019-09-13,1.1458263493127725,1.0092455925684092,1.087267136914451,0.8805915868590133,0.9874274361282711,1.0220716203565836
2019-09-16,1.151839591015756,0.9919615471141131,1.0775908844275637,0.8938053097345133,0.9852854437649397,1.0200965552113772
2019-09-17,1.1560300033523299,1.0000329219913415,1.0722553807198407,0.887016608073706,0.9764578388736337,1.0183585506021704
2019-09-18,1.1668831713040562,0.9972400397258696,1.0830168204015194,0.8827736695357012,0.9732490835151253,1.0206325568964545
2019-09-19,1.1573918873617164,0.999456787142865,1.0795803942846807,0.8768335555824949,0.976725940684591,1.0179977130112694
2019-09-20,1.1404835735836405,0.9844553330882474,1.0752396455055164,0.8738028851982059,0.9815404847845167,1.0111043844320253
2019-09-23,1.1456587328193093,0.9795938523668168,1.0750587809730512,0.8744090192750636,0.9695041245347024,1.0088449019937884
2019-09-24,1.1402111967817634,0.955621155671636,1.0610417797069995,0.8624075645532793,0.9633490713799905,0.9965261536187338
2019-09-25,1.157769024472008,0.9702824158157246,1.0671007415445832,0.8649533276760819,0.9604084178324391,1.0041027854681672
2019-09-26,1.1517976868923903,0.9546499569270612,1.0583288117200218,0.8603467086919627,0.9571968403496047,0.9964640009162082
2019-09-27,1.1461825343613812,0.9467541660036544,1.0645686380900705,0.8665292762759124,0.9689679209127878,0.9986005071287613
2019-09-30,1.1731687898089171,0.952493566494192,1.0642973412913728,0.8559825433385866,0.9612099011409849,1.0014304284148108
2019-10-01,1.176416359369762,0.9523509045317121,1.0449448363175982,0.8358588919869075,0.9478330318363845,0.9914808048084728
2019-10-02,1.1469158565202815,0.9400490537670989,1.024145415084102,0.8140380652200268,0.9283039315013983,0.9706904644185815
2019-10-03,1.1566585652028158,0.9461890051522917,1.0145595948634474,0.8240998908958662,0.9483692354582988,0.9779752583145441
2019-10-04,1.1890923566878981,0.9545457039544799,1.0365346355579672,0.8361013456176507,0.9612099011409849,0.9954967885917961
2019-10-07,1.1893437814280925,0.9507102919631932,1.0342738289021522,0.8245847981573524,0.9585345272800648,0.9914894455461711
2019-10-08,1.1754106604089842,0.935813090881157,1.0112136010128414,0.8085828585283066,0.9478330318363845,0.9757706485335348
2019-10-09,1.1891971169963125,0.9448556645029602,1.0185386145776814,0.8175536428658019,0.9547895682996418,0.9849869214484797
2019-10-10,1.2052254441837078,0.9439064137526132,1.0328269126424308,0.8273730149108983,0.957464942160562,0.9933593455300423
2019-10-11,1.237282098558498,0.9503042540699812,1.0502803400253211,0.8362225724330223,0.9660244452409107,1.0080227420655468
2019-10-14,1.2355011733154542,0.9527788904191519,1.0530837402785314,0.8386471087404536,0.9711070911517936,1.0102236007810768
2019-10-15,1.2326097888032181,0.9697611509528173,1.0848254657261711,0.8415565523093709,0.9764578388736337,1.0210421593330423
2019-10-16,1.2276441501843782,0.9752755845025213,1.0822933622716586,0.8271305612801553,0.9721794983956223,1.016904631326867
2019-10-17,1.2324002681863895,0.9807900180522252,1.088352324109242,0.8260395199418112,0.9753882537541307,1.0205940768087598
2019-10-18,1.2383297016426416,0.9643454833771379,1.0902514017001266,0.8196144987271184,0.9753882537541307,1.017585867840231
2019-10-21,1.259805564867583,0.979791384314866,1.1172906493036716,0.8333131288641047,0.9753882537541307,1.0331177962208713
2019-10-22,1.256914180355347,0.9688557961909257,1.128504250316513,0.8375560674021094,0.9745867704455852,1.033283412942096
2019-10-23,1.273780590010057,0.9669024247046624,1.1314885151021885,0.8455570372166323,0.9836824771478482,1.0402822088362778
2019-10-24,1.275875796178344,0.9771137290190892,1.1306746247060953,0.8375560674021094,0.9735143632017565,1.0389469161014788
2019-10-25,1.2915898424404961,0.966441516825881,1.1397178513293544,0.8394956964480543,0.9836824771478482,1.0441854768383267
2019-10-28,1.3045382165605095,0.9750835395530291,1.1440586001085187,0.8321008607103892,0.9973246261390799,1.0506211686143052
2019-10-29,1.2743672477371772,0.967198722626736,1.1433351419786582,0.8296763244029579,1.0222044741959062,1.047356382188287
2019-10-30,1.2741996312437143,0.9766802561330926,1.1370048833423767,0.8209479936962056,1.0294291124701207,1.0476523753771019
2019-10-31,1.30300871605766,0.9748530856136385,1.1296798697775368,0.8191295914656321,1.0264856367982433,1.0506313799425422
2019-11-01,1.339989104927925,0.9829628694807654,1.155724362452523,0.8437386349860589,1.027019018295832,1.0698867980286209
2019-11-04,1.34878897083473,0.9902166815730128,1.1649484536082473,0.868832585767972,1.0173899300959803,1.0780353243759886
2019-11-05,1.3468613811599062,0.9885980169987215,1.16748055706276,0.8860467935507336,1.00267537386092,1.0783324245266084
2019-11-06,1.3474270868253435,0.9853387398559114,1.169289202387412,0.8666505030912838,1.0061522310303856,1.0749715526380672
2019-11-07,1.3589088166275562,0.9811850819483234,1.1756194610236932,0.8850769790277611,0.9874274361282711,1.077643554951121
2019-11-08,1.362617331545424,0.9799120982831182,1.1790558871405317,0.8579221723845315,0.991172395108694,1.0741359768924599
2019-11-11,1.3734076433121019,0.9721040993366219,1.1748960028938324,0.8527094193235545,0.9879608176258596,1.0722155964983942
2019-11-12,1.3721505196111297,0.9755883434202657,1.1680231506601555,0.8409504182325132,0.9890332248696883,1.0691491313587504
2019-11-13,1.3853084143479717,0.9619312040120933,1.1618737565563393,0.8340404897563342,0.9791332127345537,1.0644574154814586
2019-11-14,1.3757123700972174,0.9627487667970743,1.1629589437511303,0.8304036852951874,0.9777955258040938,1.0619238583489408
2019-11-15,1.3920549782098557,0.9544579119775691,1.1713691445107615,0.838768335555825,0.9973246261390799,1.0707949992786183
2019-11-18,1.3990739188736172,0.961612958095792,1.181226261530114,0.8306461389259304,0.9957188373976628,1.073655622964623
2019-11-19,1.3948416024136774,0.9617556200582719,1.1808645324651836,0.8221602618499212,1.0074899179608459,1.07342238694958
2019-11-20,1.3786037546094536,0.9577720591059484,1.1722734671730872,0.824706024972724,0.991172395108694,1.0649055401939815
2019-11-21,1.372422896413007,0.9518351266673617,1.1749864351600652,0.8445872226936599,1.0096319103241773,1.0706927182516544
2019-11-22,1.3712076768354005,0.95787631207853,1.182763610056068,0.8409504182325132,1.0254160516787405,1.0756428137762504
2019-11-25,1.395260643647335,0.9733057520205872,1.1890938686923496,0.8353739847254212,1.0347798601919609,1.0855628218555307
2019-11-26,1.3843655715722425,0.985980718687071,1.190721649484536,0.8333131288641047,1.0243464665592377,1.0837455070334383
2019-11-27,1.402950050284948,0.9978161745743461,1.1942485078676073,0.8328282216026186,1.033442173261501,1.0922570255182042
2019-11-29,1.3998700972175662,0.9880987001300419,1.1915355398806293,0.8259182931264396,1.0304986975896235,1.08718426558886
2019-12-02,1.383674153536708,0.9775636629007566,1.1889130041598843,0.8294338707722149,1.0243464665592377,1.0807862315857604
2019-12-03,1.3590135769359704,0.9711767965805025,1.1736299511665762,0.8228876227421505,1.017923311593569,1.0689262518037537
2019-12-04,1.370998156218572,0.9660903489182383,1.1967806113221198,0.8322220875257608,1.0203334057678577,1.0772849219505096
2019-12-05,1.3911121354341265,0.9550011248347042,1.2032917344908665,0.8293126439568432,1.0173899300959803,1.0792215137625043
2019-12-06,1.4179936305732483,0.9611026672299985,1.2211973232049194,0.842647593647715,1.0243464665592377,1.0934575362430237
2019-12-09,1.398131076097888,0.9599558845316024,1.2155000904322661,0.8444659958782883,1.0251479498677836,1.0886401993615658
2019-12-10,1.4063023801542072,0.9543042760179754,1.2163139808283596,0.8371923869559947,1.0294291124701207,1.0887084272853316
2019-12-11,1.4183079114984913,0.9595224116456057,1.2134201483089166,0.8359801188022791,1.0224725760068634,1.0899406332524313
2019-12-12,1.421911666107945,0.9658928169701891,1.2481461385422319,0.8527094193235545,1.0310320790872123,1.1039384240062264
2019-12-13,1.4412504190412336,0.9662275238821613,1.2372038343280882,0.8392532428173113,1.0254160516787405,1.101870214349507
2019-12-16,1.4659109956419711,0.9707652716887336,1.2419967444384157,0.8485877076009214,1.0470843222527324,1.1148690083245547
2019-12-17,1.468802380154207,0.9825348835933256,1.2495930548019534,0.8447084495090316,1.0406639894113896,1.1172605514939815
2019-12-18,1.4652824337914852,0.978897003550088,1.248327003074697,0.8470117590010912,1.0403958876004322,1.1159828174035589
2019-12-19,1.4667490781092858,0.9834237773595466,1.2420871767046482,0.8411928718632562,1.042537879963764,1.1151981568001001
2019-12-20,1.4637110291652697,0.9802522921936472,1.24109242177609,0.847860346708692,1.0494915943026955,1.1164815368292789
2019-12-23,1.4875963794837412,0.9838188412556448,1.2407306927111592,0.8521032852466967,1.0518988663526583,1.1232296130099801
2019-12-24,1.4890211196781762,0.9817392688025723,1.244167118827998,0.8488301612316644,1.0510973830441126,1.1229710103169048
2019-12-26,1.5185635266510222,1.0253938293214229,1.257370229697956,0.8501636562007516,1.0535046550940754,1.1409991793930456
2019-12-27,1.5179768689239022,1.0259589901727855,1.258274552360282,0.8472542126318342,1.0518988663526583,1.1402726980882925
2019-12-30,1.526986255447536,1.0133882764788833,1.2536625067824199,0.8422839132016003,1.0409320912223468,1.1354506086265572
2019-12-31,1.5381537043245055,1.0139095413417907,1.2606257912823295,0.845920717662747,1.0481539073722352,1.1413527323967216
2020-01-02,1.573248407643312,1.0414378131018551,1.2759088442756377,0.8594981209843618,1.0470843222527324,1.1594355016515798
2020-01-03,1.5579534026148174,1.0287957684267128,1.2510399710616749,0.8525881925081829,1.041465472719935,1.1463685614662646
2020-01-06,1.5703570231310762,1.0441099813990748,1.2500452161331161,0.8591344405382472,1.0401277857894753,1.1527548893981978
2020-01-07,1.562981897418706,1.0462938068247287,1.2287936335684573,0.8521032852466967,1.0366509286200094,1.1453647103357194
2020-01-08,1.5881243714381494,1.0381236659734758,1.238379453789112,0.8392532428173113,1.0449451520137267,1.1497651772063553
2020-01-09,1.6218571907475696,1.0431058606631587,1.2429010671007414,0.845678264032004,1.0403958876004322,1.1587876540287811
2020-01-10,1.6255238015420717,1.0332896202448298,1.2305118466268765,0.8381622014789673,1.0564481307659528,1.1567871201317395
2020-01-13,1.6602413677505865,1.0377560370701622,1.2407306927111592,0.8461631712934902,1.0543089605269471,1.167840045870469
2020-01-14,1.637822661749916,1.0257614582247365,1.255199855308374,0.8388895623711966,1.0719641703095588,1.1659275415927564
2020-01-15,1.6308037210861548,1.0216901052955023,1.236389943931995,0.8375560674021094,1.0880164134750792,1.162891250238168
2020-01-16,1.6512319812269527,1.030425406998118,1.2411828540423224,0.8342829433870772,1.086410624733662,1.1687067620776266
2020-01-17,1.669523131076098,1.0231715949058706,1.2497739193344184,0.8311310461874167,1.083735250872742,1.171466988475309
2020-01-21,1.6582090177673483,1.0381401269691466,1.237475131126786,0.8192508182810038,1.0791859864594475,1.1664522161207465
2020-01-22,1.6641174991619174,1.0356490296243053,1.2360282148670647,0.814522972481513,1.0751757477923933,1.1650986927854388
2020-01-23,1.6721421387864568,1.0340687740399124,1.2347621631398082,0.8094314462359073,1.0890859985945822,1.1678981041593333
2020-01-24,1.6673231645993967,1.0214815993503394,1.2041056248869597,0.8039762395441872,1.0652757356572586,1.1524324728076283
2020-01-27,1.6182953402614817,1.0032098941557979,1.1939772110689093,0.7848224027154806,1.0743714423595216,1.1349352581122383
2020-01-28,1.6640755950385517,1.016878007561084,1.2156809549647314,0.7837313613771367,1.0203334057678577,1.1401398649418721
2020-01-29,1.698897921555481,1.0194843318756208,1.2138723096400794,0.7771851133470724,1.0053507477218402,1.1429580848280187
2020-01-30,1.6964465303385854,1.0264418460457945,1.2288840658346898,0.7854285367923386,0.9917085987306086,1.1457819155484033
2020-01-31,1.6212286288970834,1.1021843741255095,1.196961475854585,0.7530609770881319,0.9962550410195771,1.1339380993969772
2020-02-03,1.6167658397586324,1.099704250777782,1.2060951347440767,0.7362104497514851,1.0034796792937917,1.1324510708651536
2020-02-04,1.6701516929265838,1.1246536332160946,1.2234581298607343,0.7269972117832465,1.0082942233937173,1.1507109782360754
2020-02-05,1.683770533020449,1.1192763746303134,1.2442575510942304,0.7604558128257971,1.0211348890764034,1.1657790321294388
2020-02-06,1.7034654710023465,1.124960905135282,1.2444384156266957,0.7501515335192145,1.0235421611263664,1.169311697281981
2020-02-07,1.6763115990613477,1.1409006359431328,1.2404593959124615,0.7451812340889805,1.017923311593569,1.1641552353198983
2020-02-10,1.684294334562521,1.1708761090595832,1.2456140350877194,0.726875984967875,1.011502978752226,1.1678326884859849
2020-02-11,1.6741325846463293,1.1801436496222202,1.2479652740097666,0.7337859134440539,1.0189957188373977,1.1710046281119537
2020-02-12,1.7138786456587327,1.1851916882945859,1.2479652740097666,0.7427566977815494,1.0096319103241773,1.1798848432137625
2020-02-13,1.7016845457593028,1.1796333587564265,1.2468800868149756,0.7386349860589163,0.9879608176258596,1.170958759003096
2020-02-14,1.70210358699296,1.1714028609210476,1.243081931633207,0.7352406352285126,0.976725940684591,1.1657109910920636
2020-02-18,1.67092691920885,1.18281581791944,1.2266232591788748,0.7259061704449025,0.9716432947737079,1.155583092305155
2020-02-19,1.6951265504525646,1.1907994008197575,1.2433532284319047,0.7314826039519943,0.9692360227237451,1.1659995612759932
2020-02-20,1.6777363392557827,1.1814056592903115,1.2433532284319047,0.7256637168141593,0.9590707309019793,1.1574459349388273
2020-02-21,1.6397712034864231,1.1500584365346311,1.228160607704829,0.7168141592920355,0.9555910516081876,1.1380790917252213
2020-02-24,1.5618714381495138,1.102497133043254,1.195152830529933,0.6832343314341133,0.9275024481928527,1.0940516362699335
2020-02-25,1.5089674824002681,1.0824421533177138,1.141797793452704,0.6570493393138563,0.9077052460469093,1.0595924029062904
2020-02-26,1.532915688903788,1.0862007473292035,1.1452342195695424,0.6426233482846406,0.9288401351233126,1.0671628278420975
2020-02-27,1.4327019778746226,1.0339151380803187,1.0975764152649665,0.6039519941811129,0.912251688335878,1.0160794427473796
2020-02-28,1.4318638954073082,1.033613353159688,1.0500090432266234,0.6235907382713056,0.8940602749313518,1.0066274609992554
2020-03-02,1.5651818638954074,1.0721320830292622,1.0989328992584555,0.6531700812219664,0.9331184756013241,1.064507080601283
2020-03-03,1.5154626215219578,1.0474625375173527,1.0576957858563936,0.6218935628561038,0.9176024360577181,1.0320233887619052
2020-03-04,1.5857567884679853,1.0841376358718018,1.0838307107976126,0.6354709661777186,0.9737824650127136,1.0725957132655664
2020-03-05,1.5343194770365405,1.0557149833469595,1.0306565382528485,0.6074675718268882,0.948637337269256,1.0353591815464984
2020-03-06,1.5139331210191083,1.0431278086573863,0.977391933441852,0.5781306825069705,0.9368662567060729,1.0098899604662779
2020-03-09,1.3942130405631914,0.9879944471574603,0.8449990956773377,0.507455449145351,0.9031559816336148,0.927563602835391
2020-03-10,1.4946153201475023,1.038041360995122,0.9106529209621993,0.5262456055279428,0.925360455829521,0.9789831326924574
2020-03-11,1.4427170633590345,0.9991056192352221,0.8677880267679507,0.5089101709298096,0.8606209237941768,0.9358283608172387
2020-03-12,1.3002430439155213,0.91995566505166,0.7962561041779707,0.4507212995514608,0.8031032079087213,0.8540558641210667
2020-03-13,1.4560216225276565,0.9794292424101092,0.9396816784228612,0.46211662019638744,0.8750673782182801,0.9424633083550589
2020-03-16,1.2687101910828025,0.926836361242037,0.799059504431181,0.41811128621651117,0.8073843705110585,0.844020342696718
2020-03-17,1.3244845792826014,0.9919615471141131,0.8478929281967806,0.4462359073827131,0.8603528219832196,0.8941855567918855
2020-03-18,1.292071739859202,1.0041207359162465,0.7586362814252126,0.40150321251060733,0.8657035697050598,0.8644071078832656
2020-03-19,1.2821614146832048,1.032066019566637,0.771387230964008,0.41738392532428176,0.8138047033524015,0.8633606587781066
2020-03-20,1.2007626550452564,1.0129493165943297,0.7551094230421415,0.3968965935264881,0.7760841896128892,0.8283604355642209
2020-03-23,1.1752639959772042,1.0440825464062902,0.7146862000361729,0.3812583343435568,0.7621739388107004,0.8154930031147849
2020-03-24,1.2931612470667113,1.0645325900279288,0.7996925302948092,0.4296278336768093,0.7945437048283724,0.8763115811789263
2020-03-25,1.2860375460945357,1.0347601358580842,0.8295351781515645,0.452054794520548,0.7958813917588325,0.8796538092767129
2020-03-26,1.3537127053302045,1.0729770808070278,0.8873213962741907,0.47060249727239667,0.8493860468529081,0.9267999453073456
2020-03-27,1.2976659403285282,1.0425845958002513,0.824109242177609,0.44793308279791494,0.8266453690350875,0.8877876460278783
2020-03-30,1.3347091853838418,1.0776190815861815,0.8455416892747333,0.4546005576433507,0.8739977930987771,0.917293661397377
2020-03-31,1.3319854173650687,1.0698110826396854,0.8141616928920239,0.46029821796581405,0.8731934876659055,0.9098899797056996
2020-04-01,1.2619007710358698,1.0467547147035101,0.7628865979381443,0.45496423808946546,0.8493860468529081,0.8751784737239795
2020-04-02,1.2829575930271537,1.0528617440973613,0.7913727618014108,0.4897563341011032,0.8793485408206173,0.8992593947695292
2020-04-03,1.2645197787462286,1.0461456578636918,0.7600831976849339,0.47533034307188754,0.8999472262751063,0.8892052407283696
2020-04-06,1.3748323835065368,1.0960773447316583,0.8090070537167661,0.4906049218087041,0.9248270743319327,0.9390697556191195
2020-04-07,1.3589088166275562,1.1037646297099024,0.819678061132212,0.4999393865923143,0.8991457429665607,0.9362873274057092
2020-04-08,1.3936892390211197,1.1209938051786292,0.8527762705733406,0.5315795854042915,0.9256285576404782,0.9649334915635718
2020-04-09,1.403746228628897,1.1208621172132631,0.9292819678061133,0.5228512546975391,0.9467634467168816,0.9847010030125387
2020-04-13,1.4312981897418706,1.1900586560145734,0.8879544221378187,0.5183658625287914,0.9400750120645814,0.9935504284975272
2020-04-14,1.5035828025477707,1.2528573544985158,0.8636281425212516,0.5143653776215299,0.9748520501322164,1.0218571454642569
2020-04-15,1.489859202145491,1.2662236829831712,0.821034545125701,0.49072614862407565,0.9622794862604878,1.0060246130277852
2020-04-16,1.5016971169963125,1.321373505478768,0.7897449810092241,0.47460298217965813,0.9598722142105248,1.0094581599748975
2020-04-17,1.4813107609788803,1.3031621572683527,0.8607343100018087,0.5239422960358832,0.9874274361282711,1.031315392082639
2020-04-20,1.4505740864901107,1.3133734615827797,0.8293543136190993,0.4992120257000849,0.9652229619323649,1.0115473698648878
2020-04-21,1.4057366744887698,1.2774391080335146,0.8052993308012298,0.49654503576191056,0.9529156777472675,0.9875871653665385
2020-04-22,1.4462160576600738,1.2968466219293384,0.8079218665219751,0.5107285731603831,0.9697694042213336,1.0062965046986208
2020-04-23,1.4406009051290647,1.3165778687400205,0.808374027853138,0.5267305127894291,0.9815404847845167,1.0147647598592338
2020-04-24,1.4822116996312436,1.3224873661858225,0.8203110869958401,0.5301248636198327,1.0,1.0310270032865476
2020-04-27,1.4832593027153873,1.3037108571240446,0.8556701030927836,0.5326706267426354,1.0254160516787405,1.0401453882707181
2020-04-28,1.4592063359034528,1.2697353620595997,0.8617290649303673,0.5451569887259062,1.014178352613146,1.0300012208464944
2020-04-29,1.5071446530338586,1.301905634598818,0.8849701573521432,0.5753424657534247,1.0197972021459434,1.0578320225768376
2020-04-30,1.5389289306067717,1.3574834429818545,0.865979381443299,0.5633410110316402,1.0262175349872864,1.0703900602101704
2020-05-01,1.5141635936976199,1.2543498181059978,0.8432808826189184,0.5229724815129106,1.0069565364632573,1.0283446624797408
2020-05-04,1.5355766007375127,1.2707833787839713,0.8332429010671007,0.5440659473875622,1.006420332841343,1.038017832163498
2020-05-05,1.558623868588669,1.271776525522774,0.8319768493398445,0.5434598133107044,1.0302305957786664,1.0472135305081316
2020-05-06,1.574715051961113,1.2901360226942262,0.816332067281606,0.5332767608194934,1.0302305957786664,1.048938099707021
2020-05-07,1.5909948038887027,1.2991072653347893,0.8248327003074697,0.5363074312037823,0.9887651230587312,1.048001464758695
2020-05-08,1.6244761984579283,1.3056916636030926,0.838307107976126,0.559825433385865,0.9957188373976628,1.0648038481641349
2020-05-11,1.6500377137110291,1.3218179523618785,0.8136190992946283,0.5544914535095163,1.0192609985240288,1.0718454434802163
2020-05-12,1.6311808581964464,1.293258124873113,0.7870320130222463,0.5348527094193235,0.9994666185024115,1.0491580648027081
2020-05-13,1.611485920214549,1.2992773622900538,0.7599023331524688,0.5083040368529519,0.991172395108694,1.0340284095237435
2020-05-14,1.6213752933288637,1.310761650269686,0.7914631940676433,0.5127894290216995,1.0144464544241032,1.050167204222399
2020-05-15,1.611800201139792,1.3222459382493184,0.7768131669379635,0.5091526245605529,1.0101652918217658,1.0460354445418785
2020-05-18,1.6497653369091516,1.3312885118711215,0.8179598480737927,0.549642380894654,1.0184595152154834,1.0734231185928407
2020-05-19,1.6402321488434461,1.3439470175419344,0.8018629046843914,0.5326706267426354,1.0080261215827602,1.0653477638790334
2020-05-20,1.6721421387864568,1.3706193175271195,0.8259178875022608,0.5500060613407686,1.0066884346523002,1.0850747679617814
2020-05-21,1.659675662085149,1.3425258849156922,0.8154277446192801,0.5401866892956723,0.9967912446414914,1.0709214451114568
2020-05-22,1.6703612135434125,1.3371157043385697,0.8090974859829987,0.5406715965571585,1.0032115774828343,1.0720915155809947
2020-05-26,1.6590471002346632,1.328874232506077,0.8665219750406945,0.5565523093708328,1.0029434756718774,1.0827878185648288
2020-05-27,1.6662755615152531,1.3225806451612903,0.916711882799783,0.5605527942780943,1.0008043054328715,1.0933850378374586
2020-05-28,1.6670088836741535,1.3174832235019123,0.9030566105986616,0.5460055764335071,1.0214029908873605,1.090991457019119
2020-05-29,1.6653746228628896,1.3401280665463184,0.8799963827093508,0.5512183294944842,1.0216710926983177,1.0916776988622723
2020-06-01,1.685865739188736,1.3558592914090064,0.891662145053355,0.5610377015395807,0.948637337269256,1.0886124428919868
2020-06-02,1.6936599061347635,1.3566110102113043,0.8946464098390307,0.5735240635228513,0.9673621321713707,1.097160704375864
2020-06-03,1.7029835735836405,1.359897722346899,0.9429372400072346,0.5969208388895624,0.9673621321713707,1.1140203013997412
2020-06-04,1.688317130405632,1.3501308649155825,0.962561041779707,0.5952236634743606,0.9633490713799905,1.1119163543910546
2020-06-05,1.7364021119678177,1.362421741683082,1.0058780973051185,0.6434719359922415,0.9628156898824021,1.1421979153661324
2020-06-08,1.7466686221924235,1.3849513577577928,1.0259540604087538,0.6635955873439205,0.9788651109235966,1.1600069477252972
2020-06-09,1.8018354006034194,1.427091506674934,0.9996382709350697,0.6488059158685902,0.9686998191018308,1.1692141826367688
2020-06-10,1.8481813610459268,1.452655432951621,0.9591246156628686,0.6140138198569524,0.9609417993300277,1.1669834057694792
2020-06-11,1.759449379818974,1.4035522828657496,0.8790920600470248,0.559825433385865,0.8908515195728433,1.0985541351380914
2020-06-12,1.7746396245390545,1.396452106733096,0.9031470428648942,0.5718268881076495,0.9028907019469836,1.1097912728383355
2020-06-15,1.796597385182702,1.4116291447415348,0.9156266956049919,0.5714632076615348,0.8924573083142605,1.1175547483010049
2020-06-16,1.8442004693261815,1.4349982715954546,0.9229517091698318,0.5843132500909202,0.8935268934337633,1.1359981187232302
2020-06-17,1.8416233657391887,1.4491053448852942,0.8996201844818231,0.5652806400775853,0.8978080560361006,1.1306875182439984
2020-06-19,1.8318387529332887,1.467777600974491,0.8845179960209804,0.5574008970784338,0.8940602749313518,1.1271191043877091
2020-06-22,1.8797770700636942,1.4890726423738951,0.8749321758003256,0.5627348769547824,0.8857688736619603,1.1384571277709314
2020-06-23,1.9198793161247067,1.51683136807335,0.8856031832157715,0.5661292277851862,0.8766731669596972,1.1530232524317423
2020-06-24,1.8859998323835065,1.5003648854040352,0.8560318321577138,0.5394593284034429,0.8611571274160912,1.128602601152958
2020-06-25,1.9110375460945355,1.5114376484918983,0.8858744800144691,0.5475815250333375,0.8646339845855568,1.1441130368439594
2020-06-26,1.852329869259135,1.4775773803971488,0.8373123530475675,0.5287913686507455,0.8571440666247111,1.1106310075958614
2020-06-30,1.910828025477707,1.5137641358800324,0.8506058961837584,0.5421263183416172,0.8747992764073229,1.1384247304580875
2020-07-01,1.9072242708682534,1.5795422745803818,0.843371314885151,0.5298824099890896,0.9026226001360264,1.1525285740917803
2020-07-02,1.9072242708682534,1.5859071929064084,0.8379453789111955,0.5343678021578373,0.9232212855905155,1.157733186086842
2020-07-06,1.9582425410660407,1.677397406844482,0.859106529209622,0.5381258334343557,0.9232212855905155,1.1912187192290031
2020-07-07,1.9521664431780086,1.646165411058497,0.8348706818592874,0.5241847496666263,0.9103806199078294,1.1735535811340498
2020-07-08,1.9976324170298358,1.690604612370987,0.8437330439500814,0.5229724815129106,0.9028907019469836,1.1915666513621597
2020-07-10,2.0097217566208516,1.7558395382142014,0.8705914270211611,0.5170323675597043,0.9050298721859893,1.2116429923203813
2020-07-13,2.000460945357023,1.7031643520677755,0.8830710797612589,0.5171535943750758,0.9419489026169559,1.209159774835618
2020-07-14,2.033565202815957,1.6921903549539365,0.888135286670284,0.5342465753424658,0.9424822841145444,1.2181239407794375
2020-07-15,2.047540227958431,1.6509665347958014,0.901880991137638,0.5410352770032731,0.9555910516081876,1.2194028165006663
2020-07-16,2.022334897753939,1.6460446970902447,0.9044130945921506,0.5367923384652685,0.952382296249679,1.2123934648302563
2020-07-17,2.018270197787462,1.6252325115638493,0.887683125339121,0.52757910049703,0.9697694042213336,1.2057068678817593
2020-07-20,2.0608028830036877,1.754105646670215,0.8799059504431181,0.5152139653291309,0.9764578388736337,1.237297256863957
2020-07-21,2.0323499832383507,1.7219792701194518,0.898987158618195,0.5412777306340163,0.9815404847845167,1.2352269254789061
2020-07-22,2.0380489440160914,1.7009201696579952,0.8924760354494483,0.528670141835374,1.0315682827091266,1.238336714733607
2020-07-23,1.9452941669460273,1.6387195540167574,0.8950985711701935,0.5297611831737181,1.0275552219177464,1.2072857394448886
2020-07-24,1.9404751927589674,1.650988482790029,0.8887683125339121,0.5264880591586859,1.0074899179608459,1.202841993040488
2020-07-27,1.9864649681528663,1.6763932861085657,0.8762886597938145,0.5342465753424658,1.0042811626023371,1.21553493040001
2020-07-28,1.9538426081126383,1.6462806380281922,0.8800868149755833,0.5279427809431446,1.043875566894224,1.2104056817907565
2020-07-29,1.9912839423399262,1.6644974732371647,0.901428829806475,0.5337616680809796,1.0502958997355671,1.2282535626400226
2020-07-30,2.0153788132752264,1.6745661155891116,0.8773738469886055,0.5075766759607225,1.0363828268090522,1.2222556557245436
2020-07-31,2.226366074421723,1.7364594593111622,0.8739374208717671,0.5101224390835253,1.0294291124701207,1.2752629012316596
2020-08-03,2.282475695608448,1.7074935939291846,0.8690540784952071,0.5121832949448418,1.025949433176329,1.2794312192308022
2020-08-04,2.297707844451894,1.7222755680415256,0.8640803038524145,0.5269729664201721,1.027019018295832,1.2876111402123676
2020-08-05,2.306046765001676,1.758599498488332,0.8790920600470248,0.5315795854042915,1.0286248070372492,1.3007885431957147
2020-08-06,2.3865026818638952,1.7695570346065,0.8793633568457225,0.5290338222814887,1.0238102629373234,1.317653431706986
2020-08-07,2.328046429768689,1.7379848449099857,0.8987158618194971,0.5266092859740574,1.0286248070372492,1.3039962459018957
2020-08-10,2.3618840093865234,1.7273949376951312,0.9101103273648038,0.5395805552188144,1.027019018295832,1.313197769592221
2020-08-11,2.2916317465638616,1.6903631844344826,0.938867788026768,0.5451569887259062,1.0109695972546375,1.2953978610011312
2020-08-12,2.3677924907810928,1.7351206316632737,0.9309097485982999,0.5344890289732089,1.0254160516787405,1.318745590338923
2020-08-13,2.409696614146832,1.7344512178393297,0.9257551094230422,0.5213965329130804,1.0211348890764034,1.3224868726797374
2020-08-14,2.4075595038551794,1.7273181197153344,0.9261168384879724,0.5236998424051401,1.018191413404526,1.3205771435736307
2020-08-17,2.4012738853503186,1.7461879077525801,0.9017001266051727,0.5169111407443326,1.025949433176329,1.3184044987257466
2020-08-18,2.421283104257459,1.8175627849809874,0.8891300415988425,0.5143653776215299,1.0262175349872864,1.333711768689221
2020-08-19,2.424321153201475,1.7890249054864498,0.8912099837221921,0.5086677172990666,1.0235421611263664,1.32735318416711
2020-08-20,2.4781050955414012,1.8092664431629253,0.8805389763067463,0.5009092011152867,1.0358494453114637,1.3409338322875646
2020-08-21,2.6058079114984913,1.8023253899884224,0.8800868149755833,0.49715116983876834,1.0401277857894753,1.3650998144181483
2020-08-24,2.6369845792826014,1.814802824706857,0.9048652559233135,0.5118196144987271,1.0390582006699722,1.3815060950162943
2020-08-25,2.6153410995641972,1.8362185800745132,0.9088442756375474,0.4955752212389381,1.0275552219177464,1.3767068796865884
2020-08-26,2.6508967482400267,1.8885425983132966,0.896093326098752,0.4850284883016123,1.017923311593569,1.3876968945094514
2020-08-27,2.619217230975528,1.865579509352589,0.9255742448905769,0.4817553642865802,1.012840665682686,1.380993403037592
2020-08-28,2.6149849145155883,1.8665671690928347,0.9293724000723458,0.4932719117468784,1.014178352613146,1.3836749496081586
2020-08-31,2.703654039557492,1.8935412539986503,0.9060408753843371,0.4841799005940114,1.0109695972546375,1.3996771333578255
2020-09-01,2.8113476366074424,1.919966639048774,0.9055887140531742,0.47799733301006186,0.9866231306953995,1.4203046906829704
2020-09-02,2.753100905129065,1.9377061053832942,0.9192439862542956,0.4750878894411444,0.9951854559000742,1.4160648684215746
2020-09-03,2.532685216225276,1.848021113970447,0.9163501537348526,0.47411807491817193,0.9737824650127136,1.3489914047722924
2020-09-04,2.534361381159906,1.8077575185597725,0.9361548200397902,0.47375439447205725,0.9727128798932108,1.3449481988249474
2020-09-08,2.3638115990613473,1.728316753452694,0.9035992041960572,0.46284398108861685,0.9612099011409849,1.2839562877879402
2020-09-09,2.4580958766342604,1.7934858353132255,0.9121902694881534,0.460055764335071,0.967898335793285,1.318345216312799
2020-09-10,2.37784948038887,1.7421823988060292,0.9027853137999639,0.4485392168747727,0.9537199831801391,1.285015278609955
2020-09-11,2.3466309084813943,1.7098694643043308,0.9139989148128052,0.4473269487210571,0.9649548601214079,1.276556219288199
2020-09-14,2.416925075427422,1.7025991912164127,0.926659432085368,0.4444175051521396,0.9901028099891912,1.2961408027741066
2020-09-15,2.4208012068387528,1.7317680755449962,0.8978115391571713,0.43968965935264887,0.9887651230587312,1.29576712079046
2020-09-16,2.3493546765001674,1.6889530258053542,0.9016096943389402,0.45835858891986914,0.9839477568344795,1.276444748479762
2020-09-17,2.311850486087831,1.6508897168160044,0.8913004159884247,0.4582373621044975,0.9850201640783083,1.2594596290150133
2020-09-18,2.2385182701977873,1.6213586905826642,0.8894013383975402,0.45084252636683236,0.9799375181674252,1.2360116687424498
2020-09-21,2.306402950050285,1.6244094617803115,0.8619099294628324,0.4416292883985938,0.9636171731909478,1.2395937605765943
2020-09-22,2.3426500167616493,1.7168763614615168,0.8525049737746427,0.4307188750151534,0.9697694042213336,1.2625039262468594
2020-09-23,2.244384847468991,1.646022749096017,0.8386688370410562,0.4168990180627955,0.9630809695690334,1.2218112842475786
2020-09-24,2.2674321153201475,1.6569583372199572,0.8379453789111955,0.4160504303551946,0.9566606367276904,1.2270093797068369
2020-09-25,2.352497485752598,1.698297384347788,0.8452703924760354,0.4199296884470845,0.9644186564994933,1.2560827215045998
2020-09-28,2.408649011062688,1.7416007769589958,0.8695966720926026,0.42805188507697906,0.9735143632017565,1.2842825416786043
2020-09-29,2.390420717398592,1.725595202168462,0.8622716585277627,0.41556552309370837,0.967630233982328,1.2722966670341704
2020-09-30,2.4264582634931275,1.7277076966128757,0.8705914270211611,0.41617165717056614,0.981808586595474,1.2845475261786408
2020-10-01,2.44699128394234,1.7675048971462122,0.8769216856574426,0.40162443932597897,0.972980981704168,1.2932046575552285
2020-10-02,2.3680020113979214,1.714687049037306,0.885241454150841,0.39980603709540546,0.9732490835151253,1.26819712703932
2020-10-05,2.4409151860543075,1.7554005783296478,0.8956411647675891,0.4090192750636441,0.9831462735259339,1.2968244955482244
2020-10-06,2.370935300033523,1.70094760465078,0.8864170736118647,0.4047763365256395,0.967630233982328,1.2661413097608272
2020-10-07,2.411163258464633,1.7534746418361693,0.901880991137638,0.4061098314947267,0.975656355565088,1.289657015699651
2020-10-08,2.4088585316795172,1.7506543245779127,0.9204196057153192,0.4274457510001212,0.9868912325063568,1.2988538890958456
2020-10-09,2.4507626550452564,1.803384380709908,0.9151745342738289,0.42114195660080017,0.9842158586454367,1.3149358770550459
2020-10-12,2.6064364733489778,1.889135194157444,0.9263881352866703,0.419808461631713,0.9850201640783083,1.3653576857006224
2020-10-13,2.5372946697955077,1.8895192840564283,0.91137637909206,0.41483816220147895,0.9871593343173141,1.3480375658925579
2020-10-14,2.539180355346966,1.8456671915895286,0.906312172183035,0.4139895744938781,0.9860897491978112,1.3382478085622438
2020-10-15,2.5291233657391885,1.8319167732058887,0.9198770121179237,0.4176263789550249,0.9777955258040938,1.335267811164424
2020-10-16,2.493714381495139,1.7957355047215622,0.9179779345270394,0.4133834404170203,1.0152479377326489,1.3272118397786818
2020-10-19,2.4300201139792157,1.7597956641737402,0.902514017001266,0.4051400169717542,1.0112376990655947,1.301741502238314
2020-10-20,2.462076768354006,1.7651729227595214,0.9076686561765238,0.4085343678021579,1.0029434756718774,1.3092792381528173
2020-10-21,2.4486674488769693,1.747576118387481,0.8986254295532646,0.4019881197720936,0.9919738784172398,1.2977661990014098
2020-10-22,2.4252011397921556,1.7428902216198718,0.9303671550009043,0.42259667838525883,1.00133768693046,1.3044785763457303
2020-10-23,2.4103251759973183,1.758253817579246,0.9387773557605354,0.4141108013092496,1.0214029908873605,1.3085740283067422
2020-10-26,2.4105346966141465,1.7597023851982727,0.9155362633387593,0.4042914292641533,1.0144464544241032,1.3009022457678872
2020-10-27,2.4430103922225945,1.8032087967560864,0.8982637004883343,0.39786640804946055,1.00133768693046,1.3087373968893872
2020-10-28,2.3298692591350987,1.7354169295853477,0.8730330982094412,0.38271305612801554,0.9483692354582988,1.2538803157032403
2020-10-29,2.4161917532685213,1.7618807236253697,0.8787303309820944,0.39968481028003394,0.9438199710450045,1.2800615178402048
2020-10-30,2.280841434797184,1.6659350668590776,0.88659793814433,0.3954418717420293,0.9491707187668446,1.2355974060618933
2020-11-02,2.2789557492457257,1.6485577424293136,0.9065834689817327,0.4120499454479331,0.9692360227237451,1.24307658576569
2020-11-03,2.3139456922561177,1.6726621270898605,0.9351600651112316,0.4050187901563826,0.9681664376042423,1.258990622443567
2020-11-04,2.40843949044586,1.7784240242744815,0.9065834689817327,0.4028367074796945,0.9986623130695399,1.2989892008502617
2020-11-05,2.493923902111968,1.8227809206086178,0.9436606981370953,0.40210934658746517,0.9735143632017565,1.3271978461293803
2020-11-06,2.486800201139792,1.8169482411426126,0.931090613130765,0.39738150078797435,0.9737824650127136,1.3212006042427715
2020-11-09,2.437143814951391,1.724969684332973,1.057153192258998,0.4476906291671718,1.0486901109941495,1.3431294863409367
2020-11-10,2.4298105933623866,1.6653150360221456,1.0537167661421596,0.4468420414595709,1.0347798601919609,1.326092859435645
2020-11-11,2.5035618504860877,1.7214854402493291,1.0379815518176885,0.44223542247545156,1.0299624939677092,1.347045351799253
2020-11-12,2.4976952732148843,1.706610187161521,1.025230602278893,0.42708207055400654,1.0045492644132945,1.3322334795245199
2020-11-13,2.498742876299028,1.7167775954874924,1.031651293181407,0.43738634986058916,1.0331740714505437,1.3435464372558124
2020-11-16,2.520533020449212,1.7180121701627993,1.0607704829083018,0.4626015274578737,0.9986623130695399,1.3521159028095453
2020-11-18,2.472971840429098,1.7039654538570856,1.0422318683306204,0.4510849799975755,1.0249955551541867,1.3390499395537134
2020-11-19,2.4857525980556487,1.7103084241888844,1.0450352685838307,0.4533882894896351,1.021326793530562,1.3431622747697125
2020-11-20,2.458514917867918,1.7006403327315924,1.036082474226804,0.44781185598254336,1.035719627592474,1.3357538416802666
2020-11-23,2.385392222594703,1.7000861458773435,1.0659251220835595,0.47714874530246093,1.030639803805917,1.3318384079327967
2020-11-24,2.413048944016091,1.710879072038804,1.115210707180322,0.5089101709298096,1.032897503266609,1.3561892794863273
2020-11-25,2.431067717063359,1.7476474493687209,1.1035449448363177,0.49472663353133717,1.0309220162385033,1.3615817522076479
2020-11-27,2.442800871605766,1.753282596886677,1.0962199312714778,0.4872105709783004,1.0506768865195586,1.3660381714523557
2020-11-30,2.4943429433456252,1.738303090826287,1.066015554349792,0.4622378470117591,1.0811558292389014,1.368411052954473
2020-12-01,2.5712370097217567,1.7668574313164955,1.0828359558690541,0.46672323918050673,1.1121991968234168,1.399970566582246
2020-12-02,2.5787797519275895,1.757776448704794,1.1036353771025502,0.4841799005940114,1.151426724952941,1.4151596406563773
2020-12-03,2.5758464632919877,1.7485582911291695,1.0964007958039428,0.48745302460904355,1.1313896422392993,1.4079296434146884
2020-12-04,2.561389540730808,1.7353071896142092,1.106348345089528,0.5052733664686629,1.138444953053962,1.4093526789914341
2020-12-07,2.592817633255112,1.73279414427514,1.1021884608428287,0.4958176748696812,1.1641262844193339,1.4175488395324192
2020-12-08,2.60601743211532,1.7433785644914375,1.1032736480376197,0.5120620681294703,1.201096113088166,1.4331655651724027
2020-12-09,2.5515420717398594,1.7032740920389138,1.0946825827455235,0.5188507697902776,1.181059030374524,1.4098817093378198
2020-12-10,2.5821320817968485,1.7017871154299886,1.0876288659793814,0.5335192144502364,1.177672481183486,1.416547951767988
2020-12-11,2.564741870600067,1.7099792042754693,1.0812081750768674,0.5309734513274337,1.1604575227957092,1.4094720448151092
2020-12-14,2.5515420717398594,1.7322289834237772,1.0698137095315607,0.5118196144987271,1.1065549481716868,1.3943918654731224
2020-12-15,2.6793496480053633,1.7367008872476666,1.0880810273105443,0.5217602133591951,1.0924443265423616,1.423667220493026
2020-12-16,2.6778830036875627,1.7783142843033433,1.091246156628685,0.5297611831737181,1.0678918449073356,1.429019294540129
2020-12-17,2.6965303385853163,1.7756366290075665,1.082202930005426,0.5270941932355437,1.0732538811264791,1.4309435943920665
2020-12-18,2.653683372443848,1.7567448929760932,1.076867426297703,0.5180021820826767,1.0633764459859514,1.4137348639572545
2020-12-21,2.686682869594368,1.7592305033223776,1.1172906493036716,0.508546490483695,1.0549100730083563,1.4253321171424937
2020-12-22,2.763157894736842,1.7594170612733129,1.1002893832519443,0.4999393865923143,1.03684847732282,1.4319304406354465
2020-12-23,2.743881997988602,1.7477571893398591,1.1310363537710255,0.506364407807007,1.0566033476038752,1.437128659302074
2020-12-24,2.7650435802883004,1.7408545451552546,1.126062579128233,0.5043035519456904,1.051805736249905,1.4376139985534766
2020-12-28,2.8639373114314446,1.8019083780980967,1.1334780249593055,0.5060007273608923,1.039106176783512,1.4688861237266502
2020-12-29,2.8258045591686223,1.8227809206086178,1.13049376017363,0.500303067038429,1.0455970627330016,1.4649958739444602
2020-12-30,2.801709688233322,1.8029454208253544,1.1336588894917707,0.5043035519456904,1.03684847732282,1.4558932055637914
2020-12-31,2.7801290646999663,1.7870770209987434,1.1491228070175439,0.49969693296157114,1.0388239643509256,1.45096995800575
2021-01-04,2.711406302380154,1.7485034211436004,1.138270935069633,0.5030912837919748,1.0388239643509256,1.4280191813472574
2021-01-05,2.7449296010727453,1.7659959725430594,1.136281425212516,0.5273366468662869,1.0495480367892127,1.444818336496764
2021-01-06,2.6525310090512906,1.7220286531064644,1.189636462289745,0.54079282337253,1.0405172389464445,1.429101237353295
2021-01-07,2.743043915521287,1.7350767356748185,1.2287032013022248,0.5450357619105346,1.045879275165588,1.4595477779148907
2021-01-08,2.76671974522293,1.7463470307107307,1.2300596852957135,0.5510971026791127,1.0478547621936938,1.468415665220436
2021-01-11,2.70239691585652,1.70876657759439,1.2484174353409299,0.567826403200388,1.0659163578792301,1.4586647379742916
2021-01-12,2.698625544753604,1.7123989706390708,1.268041237113402,0.5804339919990302,1.0492658243566262,1.4617531137723465
2021-01-13,2.742415353670801,1.7371233861365494,1.2692168565744257,0.5869802400290945,1.040235026513858,1.4751941725849458
2021-01-14,2.700930271538719,1.7160423376808651,1.2766323024054982,0.6098921081343194,1.0371306897554065,1.4681255419029617
2021-01-15,2.66384512236004,1.7033015270316985,1.2537529390486524,0.5805552188144018,1.035719627592474,1.4474348869694533
2021-01-19,2.67830204492122,1.7123605616491724,1.248327003074697,0.5920717662747,1.0365662648902334,1.4535255281620045
2021-01-20,2.7663007039892724,1.7906161350679566,1.2296075239645505,0.6004364165353376,1.0300753789407437,1.4834072316995723
2021-01-21,2.8677086825343614,1.8145449357746817,1.2192982456140353,0.5832222087525761,1.0295109540755707,1.502857005350245
2021-01-22,2.913803218236674,1.806446125904669,1.2098932899258454,0.5749787853073101,1.0314864411036764,1.507321572095635
2021-01-25,2.994468655715722,1.8074173246492435,1.1947911014650028,0.5685537640926173,1.0520879486824912,1.5234637589210154
2021-01-26,2.999497150519611,1.8250470510126255,1.1899077590884428,0.5560674021093466,1.0529345859802508,1.5246907897420552
2021-01-28,2.872318136104593,1.776481626785332,1.176614215952252,0.5583707116014063,1.0120137832552074,1.4791596947397578
2021-01-29,2.7648340596714718,1.7592414773194913,1.1635919696147585,0.543581040126076,1.0131426329855535,1.4488782359434704
2021-02-01,2.810509554140127,1.8342377735954656,1.1721830349068547,0.5445508546490484,1.0103205086596885,1.4743603451902367
2021-02-02,2.8283188065705667,1.8546055122387504,1.208265509133659,0.5531579585404293,0.9874613016201816,1.4863618176207172
2021-02-03,2.806319141803553,1.8175847329752153,1.2221016458672453,0.5748575584919384,0.9832281151313841,1.4808182388538673
2021-02-04,2.878603754609453,1.8277192193098453,1.2502260806655816,0.5858891986907504,0.9846391772943165,1.5054154861139895
2021-02-05,2.8654039557492452,1.8393242212577299,1.2477844094773014,0.6055279427809432,0.9854858145920761,1.5087052687714593
2021-02-08,2.868546765001676,1.8232966984729684,1.2673177789835413,0.6315917080858287,0.982663690266211,1.5146833281620449
2021-02-09,2.8496899094870933,1.8134530230618549,1.2622535720745163,0.6137713662262093,0.9868968767550085,1.5052129495209363
2021-02-10,2.836699631243714,1.8033459717200093,1.262977030204377,0.6197114801794157,0.980405990805519,1.5006280208306069
2021-02-11,2.831252095206168,1.7899302602483416,1.259450171821306,0.604194447811856,0.9716574053953373,1.4912968760966017
2021-02-12,2.836280590010057,1.798479004000022,1.277355760535359,0.6124378712571221,0.9798415659403459,1.5008789583485813
2021-02-16,2.7906050955414012,1.7936723932641605,1.3081027310544402,0.6308643471935993,0.9789949286425863,1.5004478991392374
2021-02-17,2.7413677505866576,1.8154502905365735,1.312172183034907,0.6406837192386956,0.9846391772943165,1.49886262413823
2021-02-18,2.717691920885015,1.8261993207095786,1.3166033640803039,0.6306218935628561,0.9753261670189619,1.4932885332513433
2021-02-19,2.7210442507542743,1.7832196610132292,1.3385784047748237,0.6348648321008608,0.9719396178279237,1.4899293532942222
2021-02-22,2.6399597720415686,1.7452715789935747,1.3511484897811539,0.6582616074675718,0.9668597940413667,1.472300248465047
2021-02-23,2.637026483405967,1.7528216890078958,1.362000361729065,0.6673536186204388,0.9569823589008389,1.475236902332841
2021-02-24,2.6263409319477033,1.7336336550543487,1.3859649122807016,0.6873560431567464,0.952466959979455,1.477152500483791
2021-02-25,2.534989943010392,1.677463250827165,1.3671550009043227,0.6759607225118196,0.9544424470075604,1.442002272852252
2021-02-26,2.540646999664767,1.6970902446652656,1.3308916621450533,0.6591101951751728,0.9451294367322058,1.4345737076764928
2021-03-01,2.6774639624539054,1.7262865639866336,1.3610056068005065,0.6837192386955995,0.9507736853839358,1.479849811464116
2021-03-02,2.6215219577606437,1.697968164434373,1.3565744257551093,0.679718753788338,0.9456938615973788,1.4602954326671687
2021-03-03,2.557408649011063,1.6488430663542735,1.3827997829625611,0.6851739604800583,0.9705285556649913,1.4489508028945894
2021-03-04,2.5169711699631243,1.6337922293126437,1.361548200397902,0.7117226330464299,0.9651665194458477,1.4378401504331895
2021-03-05,2.543999329534026,1.6463519690094321,1.3647133297160428,0.7386349860589163,0.9705285556649913,1.4528456339966818
2021-03-08,2.4379818974187057,1.6197345390098161,1.3827997829625611,0.7379076251666868,0.9693997059346453,1.429564710098483
2021-03-09,2.5369803888702647,1.6805853530060522,1.3730330982094412,0.7265123045217603,0.9722218302605103,1.4578665949736058
2021-03-10,2.513828360710694,1.6777266267578972,1.4028757460661965,0.7488180385501274,0.9857680270246625,1.4658033598219156
2021-03-11,2.5553134428427757,1.7084263836838611,1.3955507325013565,0.7432416050430356,0.9795593535077595,1.4764183035157576
2021-03-12,2.535828025477707,1.6952027171616852,1.412099837221921,0.7512425748575585,0.986050239457249,1.4760846788352242
2021-03-15,2.597846128059001,1.6909173712887313,1.4050461204557787,0.732088738028852,0.9993142237888147,1.4850425163242358
2021-03-16,2.630950385517935,1.6965031358196754,1.3882257189365166,0.7165717056612924,1.011167145957448,1.4886836183785734
2021-03-17,2.6139792155548105,1.7205745984888805,1.4025140170012662,0.7197236028609528,1.010038296227102,1.4933659460266022
2021-03-18,2.525351994636272,1.661457676036631,1.4256646771568096,0.6886895381258336,1.0094738713619291,1.462127551463495
2021-03-19,2.5140378813275226,1.6872301082584815,1.402966178332429,0.6848102800339436,1.002700772979853,1.458349044186446
2021-03-22,2.5852748910492793,1.706933920076379,1.3652559233134383,0.677779124742393,1.0159647573114186,1.4702417232985814
2021-03-23,2.5674656386188404,1.7215457972334554,1.3516006511123169,0.6694144744817554,0.9979031616258822,1.46158594461445
2021-03-24,2.5161330874958097,1.6938748635109109,1.3620907939952975,0.6829918778033702,1.004958472440545,1.4520098190491866
2021-03-25,2.5266091183372446,1.671482422400123,1.3795442213781879,0.6810522487574252,1.0066517470360639,1.453067951581809
2021-03-26,2.5395993965806234,1.6746484205674654,1.4025140170012662,0.6995999515092739,1.0230200681260813,1.4678763707569422
2021-03-29,2.54337076768354,1.6876526071473643,1.3807198408392116,0.6958419202327555,1.0334619281317818,1.4682094128069307
2021-03-30,2.512152195776064,1.676437182097021,1.3969976487610778,0.6872348163413747,1.0190690940698701,1.4583781874090815
2021-03-31,2.559294334562521,1.6977212494993112,1.3766503888587447,0.6768093102194206,1.0224556432609082,1.4665861852801814
2021-04-01,2.57710358699296,1.734440243842216,1.3900343642611686,0.695720693417384,1.0244311302890137,1.4843460037605485
2021-04-05,2.637864565873282,1.770506285356847,1.389220473865075,0.6849315068493151,1.0238667054238408,1.501277907473672
2021-04-06,2.6443597049949714,1.7689095687767835,1.3794537891119552,0.6829918778033702,1.017375819474351,1.4986181520322863
2021-04-07,2.679768689239021,1.7994008197575844,1.4010671007415447,0.6860225481876592,1.01342484541814,1.5159368006687899
2021-04-08,2.7313107609788805,1.810325433884411,1.402785313799964,0.6788701660807371,1.0148359075810727,1.527625516465013
2021-04-09,2.786519443513242,1.850325653364353,1.4132754566829444,0.6772942174809068,1.032897503266609,1.552062454861611
2021-04-12,2.749748575259806,1.854270805326778,1.410291191897269,0.6728088253121591,1.0433393632723096,1.5460917522136641
2021-04-13,2.81658565202816,1.865579509352589,1.393470790378007,0.6753545884349619,1.0487013994914531,1.5599383879370343
2021-04-15,2.8180522963459604,1.8541061953700706,1.3761077952613492,0.69075039398715,1.0611187465252594,1.560027085497958
2021-04-16,2.8109285953737846,1.8652722374334016,1.3863266413456323,0.68687113589526,1.0884933524861504,1.5675783925068458
2021-04-19,2.8251759973181363,1.8502214003917719,1.3804485440405136,0.684689053218572,1.0986530000592647,1.5678375990056517
2021-04-20,2.788928930606772,1.8297439217773486,1.3498824380538978,0.6702630621893563,1.1014751243851297,1.5480586954025009
2021-04-21,2.7971002346630907,1.8447398888334092,1.3613673358654368,0.6788701660807371,1.115585746014455,1.5595326742914257
2021-04-22,2.764415018437814,1.8156697704788503,1.3327003074697052,0.6700206085586132,1.0904688395142559,1.534654908891848
2021-04-23,2.8142809252430436,1.8331403738840817,1.358202206547296,0.67365741301976,1.091033264379429,1.554062836614722
2021-04-27,2.8157475695608443,1.8751433478372994,1.3677880267679507,0.683840465510971,1.0851068032951123,1.5655252425944355
2021-04-28,2.7987763995977204,1.8976784509105673,1.3766503888587447,0.7044490241241363,1.0952664508682266,1.574564142871879
2021-04-29,2.7966811934294333,1.904707296061981,1.403418339663592,0.7145108497999758,1.08933998978391,1.5817315337477784
2021-04-30,2.754358028830037,1.9025728536233395,1.3909386869234943,0.6939022911868106,1.0907510519468424,1.5665045825021047
2021-05-03,2.776986255447536,1.858166574302191,1.3868692349430278,0.7130561280155171,1.12405211899205,1.5718260623400642
2021-05-04,2.6787210861548774,1.8172225910704585,1.406040875384337,0.7175415201842648,1.1274386681830881,1.549392948195405
2021-05-05,2.683959101575595,1.7945448260347108,1.424489057695786,0.7391198933204025,1.1280030930482612,1.5540231943349512
2021-05-06,2.718320482735501,1.814204741864153,1.4531560860915174,0.746151048611953,1.1059905233065137,1.5675645765219277
2021-05-07,2.72816795172645,1.80610593199414,1.45812986073431,0.7568190083646503,1.1169968081773873,1.5732439121993875
2021-05-10,2.657769024472008,1.750621402586571,1.4579489962018448,0.7586374105952237,1.1248987562898096,1.5499751180290915
2021-05-11,2.6380740864901107,1.7689589517637956,1.4337131488515102,0.7345132743362832,1.110505922227898,1.5371530767339194
2021-05-12,2.5722846128059,1.729469023149647,1.4238560318321576,0.7278457994908474,1.120101144935839,1.5147113224428783
2021-05-13,2.6183791485082133,1.7346981327743909,1.4604810996563573,0.718875015153352,1.1316718546718858,1.5328210501528399
2021-05-14,2.67034026148173,1.768404764909547,1.4831795984807379,0.7366953570129714,1.1294141552111938,1.5576068274192358
2021-05-17,2.6456168286959434,1.794462521056357,1.4891481280520888,0.7539095647957328,1.131954067104472,1.563018221940919
2021-05-18,2.6158649011062685,1.7735515695559374,1.4681678422861277,0.7325736452903383,1.1302607925089532,1.5440837501495248
2021-05-19,2.6125125712370094,1.7732881936252052,1.4569542412732865,0.714995757061462,1.12405211899205,1.5363605764378023
2021-05-20,2.667406972846128,1.782001547333593,1.4544221378187738,0.7132985816462603,1.1322362795370586,1.5498731038363627
2021-05-21,2.628017096882333,1.7575295337697325,1.470971242539338,0.7142683961692327,1.1274386681830881,1.539644987508745
2021-05-24,2.663007039892725,1.7805255447217816,1.4789292819678062,0.7226330464298704,1.1234876941268772,1.5537165214278121
2021-05-25,2.658816627556152,1.7882402646928104,1.463646228974498,0.7062674263547096,1.1099414973627248,1.545382408988179
2021-05-26,2.657769024472008,1.791592820811088,1.463465364442033,0.7145108497999758,1.0983707876266782,1.5451417694303569
2021-05-27,2.6248742876299027,1.7723608908690858,1.486254295532646,0.7099042308158565,1.0907510519468424,1.5368289513588667
2021-05-28,2.61083640630238,1.7684980438850146,1.4852595406040876,0.7076009213237968,1.0930087514075344,1.533040732704563
2021-06-01,2.603922225947033,1.7660727905228562,1.5016277807921867,0.732937325736453,1.086517865458045,1.5382155976913148
2021-06-02,2.6202648340596713,1.7744898463091703,1.5017182130584192,0.7387562128742878,1.0947020260030536,1.5459862264609203
2021-06-03,2.5884177003017097,1.7487119270887632,1.5027129679869777,0.7416656564432053,1.0997818497896106,1.536258020322053
2021-06-04,2.6376550452564533,1.7592524513166052,1.5051546391752577,0.7449387804582375,1.1048616735761676,1.5503725179565444
2021-06-07,2.637864565873282,1.7547476255013745,1.4981009224091155,0.7400897078433749,1.1003462746547836,1.5462298192563861
2021-06-08,2.6554642976868923,1.7910166859626115,1.4921323928377646,0.7531822039035035,1.0963953005985727,1.557638176197869
2021-06-09,2.6636356017432115,1.8003665315036022,1.4735033459938507,0.7594859983028246,1.1234876941268772,1.5640958343340732
2021-06-10,2.6422644988266843,1.8379524716185,1.4505335503707724,0.7606982664565403,1.148040175761903,1.5678977926068798
2021-06-11,2.6682450553134425,1.8364051380254487,1.4495387954422136,0.7536671111649897,1.1330829168348182,1.5681878033561827
2021-06-14,2.7338250083808244,1.856728980680278,1.4249412190269488,0.7524548430112742,1.11840787034032,1.5772715842879292
2021-06-15,2.7162252765672137,1.856322942787066,1.4033279073973595,0.7798521032852467,1.117279020609974,1.5746014501293721
2021-06-16,2.7269108280254777,1.8739471821518912,1.413185024416712,0.7770638865317008,1.1090948600649653,1.5800403562381493
2021-06-17,2.7612722091853836,1.9145454844745375,1.372400072345813,0.7514850284883017,1.1141746838515223,1.5827754956691114
2021-06-21,2.7719577606436476,1.895187353565726,1.3603725809368783,0.7587586374105953,1.1124814092560034,1.5797515483625701
2021-06-22,2.807157224270868,1.923434422136747,1.3583830710797613,0.7733058552551825,1.117843445475147,1.5960248036435414
2021-06-23,2.8012906469996643,1.9225455283705262,1.3666124073069272,0.7790035155776459,1.1020395492503026,1.5942983295010131
2021-06-24,2.7952145491116323,1.8925096982699494,1.3791824923132574,0.7821554127773064,1.1059905233065137,1.5910105351557315
2021-06-25,2.788928930606772,1.8663806111418992,1.3931090613130765,0.7838525881925081,1.100064062222197,1.5864670506952907
2021-06-28,2.823918873617164,1.8896619460189081,1.3956411647675893,0.7638501636562007,1.104015036278408,1.595417436867654
2021-06-29,2.856394569225612,1.8919939204055989,1.3939229517091698,0.7591223178567099,1.1034506114132352,1.6009768741220651
2021-06-30,2.86959436808582,1.8876152955571772,1.4065834689817327,0.7646987513638017,1.1051438860087541,1.6067271539994572
2021-07-01,2.876089507207509,1.883670143594752,1.4205100379815518,0.7668808340404898,1.1164323833122145,1.6127165812273034
2021-07-02,2.9324505531344287,1.9264742193372804,1.4110146500271297,0.7657897927021458,1.121229994666185,1.631391841973434
2021-07-06,2.97561180020114,2.016878007561084,1.3873213962741906,0.7439689659352648,1.1088126476323787,1.6465185635208115
2021-07-07,3.029039557492457,2.028312912553704,1.3889491770663773,0.7323311916595951,1.110505922227898,1.657827752200006
2021-07-08,3.0011733154542406,2.047424128527454,1.3649846265147405,0.729058067644563,1.1076837979020329,1.6500647872086063
2021-07-09,3.040353670801207,2.0408013212692526,1.4086634111050824,0.7422717905200631,1.117843445475147,1.6699867278341505
2021-07-12,3.0275729131746565,2.040367848383256,1.4288298064749503,0.7415444296278337,1.1220766319639446,1.672078325924928
2021-07-13,3.0514582634931275,2.017766901327305,1.4075782239102912,0.7380288519820585,1.118972295205493,1.6667609071836549
