date,Stock 1,Stock 2,Stock 3,Stock 4,Stock 5
2018-07-16,,,,,
2018-07-17,0.2828528327187385,1.1764124906035178,-0.07234581298607434,-0.21820826766879575,0.722463827421449
2018-07-18,-0.5494849884044029,-0.05477431355853657,0.9321266968325803,-0.10934272870855022,0.026337688391531167
2018-07-19,0.7773109243697451,-1.6251383673735131,-1.4704563794494807,-0.2554123084407611,-0.7963652355622131
2018-07-20,-0.22930998540754421,0.040265420828800025,1.2649012649012636,-0.7438117302767999,-0.08047346634515451
2018-07-23,0.08984538236522788,-0.6450901472128789,1.8601725377426215,0.0,-0.32130534180726533
2018-07-24,0.7243805189654173,1.5116537180910106,0.7057785619762003,1.9778869778869668,1.3168637946089135
2018-07-25,0.9430051813471563,1.8789223939996935,0.9023215067893053,0.6987109986748674,0.7692157021856438
2018-07-26,-0.3120829483625909,-2.9839934321022055,-0.28650807431847003,0.7776049766718307,0.44734342979957376
2018-07-27,-1.6641608139558839,0.5127212389380631,1.0274270787984374,-2.754036087369416,0.6551721278166278
2018-07-30,-0.5592208608231175,-2.093800040720417,0.6032922520037953,-0.2197265625000111,0.4685435874619337
2018-07-31,0.20009267450187274,-0.10004383943525985,-1.5248864901910353,-0.28137998531929664,3.4725392481951056
2018-08-01,5.889895528976519,1.110023404446836,0.6176598521095977,-1.3740645319592737,0.8514831605533235
2018-08-02,2.9240694789081756,2.067695320976859,0.4236555421061716,-0.597089190197786,-1.5395335556492973
2018-08-03,0.2893072056781243,-0.6018546281203463,0.8092983211364535,0.3629082718057841,2.244440778796486
2018-08-06,0.5192507404131019,1.3415309687433208,0.0256213169356867,-0.024937655860346464,1.2334178163820653
2018-08-07,-0.9374760847937536,0.7971857664727411,0.36714480874315836,1.3594412571713566,-0.48735599093147064
2018-08-08,0.06759627641084176,1.2907521154589485,0.20416843896216008,-0.6644518272425182,1.3958702491592367
2018-08-09,0.7855171482060497,0.6360918516633784,-0.7725613379743757,-0.5078657252570395,-0.9902024221365102
2018-08-10,-0.6453466104940575,-0.643659271432484,-0.9839151266255897,-1.120517928286846,-0.17084385026463478
2018-08-13,0.6456835572345554,0.5248369824524257,-1.5899075434200327,-1.0828506673381977,-0.2930450134666751
2018-08-14,0.42131065915966825,1.236683894104007,0.6673105628237863,-0.31822810590631523,-0.24505115572122094
2018-08-15,0.2326557076928859,-1.9289974734977844,-0.8286088094199728,-1.74945728514877,1.1054390920162804
2018-08-16,1.4649923896499217,0.20715810944322843,0.9410729991204958,1.3776969066805256,0.6315098827196053
2018-08-17,1.996999812488287,-0.22793291351270728,0.0,0.33333333333334103,1.6177669111654414
2018-08-20,-0.9743542605018862,-0.2927394247218662,-0.13069617495859998,0.7027855865065158,0.5701868709147018
2018-08-21,-0.19493177387914784,0.3575405896489192,0.6107136625370657,0.025377490166222927,-0.4017275280548849
2018-08-22,0.005580357142864756,1.1404784912552701,-0.30350329517863095,1.4334644171000832,-0.21343408689994403
2018-08-23,0.20460167773375115,-0.10499238805186106,-0.20875010872400956,-1.1005502751375684,0.3089252310670476
2018-08-24,0.3099883058303776,0.13085290871828192,-0.0435805804933298,0.6828528072837736,0.4739597134243656
2018-08-27,0.8234641006661825,1.169839245508797,1.7701430066271229,0.9796533534287777,-1.9339188415893216
2018-08-28,0.8075617142332625,0.26664176626824965,-0.48839002656155817,-0.14925373134329067,-0.19230915599621756
2018-08-29,1.492944924897599,3.377448494945212,-0.3271913208196975,0.7224713502740343,0.0
2018-08-30,0.9202619068974904,0.2142034933186654,-0.49239806496199634,-0.43284689586939873,0.0
2018-08-31,1.1553912332468164,0.5158860955462918,-0.529559857626527,-0.4223077878524495,0.048042826748417866
2018-09-04,0.3198144373374623,1.3315380755300144,0.4974690172805163,0.14968192590745222,-0.361291502789729
2018-09-05,-0.6516027325275897,-2.1912125951821793,-0.4863221884498503,1.3326690746045422,1.1602229668048691
2018-09-06,-1.6626115166261224,-1.830240322435106,-0.42761148442272967,-1.106194690265494,-0.16712207221286635
2018-09-07,-0.8068130883012059,-0.3186420944589985,0.19281332164766685,1.7027094208302396,1.0051685001754906
2018-09-10,-1.3411658382286529,-0.669033385073281,-0.5335899230230923,-0.14664548454113024,-0.3317218036466896
2018-09-11,2.5282597145631414,2.4827102490446284,0.633189693078906,1.4074164728919314,0.5944214673933468
2018-09-12,-1.2418919643335746,0.1434214830284608,-1.1797605523027221,0.32585083272989035,0.23636359103114124
2018-09-13,2.415502641673295,-0.006532663316582976,0.3891050583657574,-0.9743774810537786,1.0374976680554537
2018-09-14,-1.1359821917566237,-0.9890093322679316,-0.017618040873845775,0.7288629737609353,0.25677259254153206
2018-09-17,-2.6626161543960025,-3.1550256574239044,0.2995594713656402,0.5909310178485283,0.11639356741373064
2018-09-18,0.16522856618321757,1.7305807560677788,0.40407589599438243,0.26375734324421973,1.1623372323178227
2018-09-19,0.06048387096775354,-0.753715772391228,2.904636920384962,1.1957431543704322,-0.5743698660692576
2018-09-20,0.7601707178575889,0.9281465101068198,0.8586975004250874,0.22450667611957353,1.1326975270859796
2018-09-21,-1.078025014543349,-1.5064547652111293,-0.6575065329174734,0.41263852864892314,0.7084161185162197
2018-09-24,1.438941468345134,1.0104385877880429,-0.9588459906661018,1.6789949512739044,-0.2949725378651791
2018-09-25,0.634080944961779,2.0776897785313997,-0.2827278958190571,-0.11547344110853786,-0.31865793859291447
2018-09-26,-0.7975084611507199,0.01519333519028887,-1.177077068476673,-0.8323699421965314,-0.25126051837237595
2018-09-27,2.0560747663551426,1.9307795528774374,-0.43470700747696434,-0.011657729074376899,0.5035453456470496
2018-09-28,0.3502969522387156,-0.4957823724031085,-1.4669926650366705,-0.8744316194473578,0.387361257626484
2018-10-01,0.6733410117834682,0.06789815277083999,0.5848989719957398,0.9291931310279944,0.45384801357712945
2018-10-02,0.8888497755874303,-1.6489053862579595,0.4140969162995667,0.75748747232256,-0.1129493848547658
2018-10-03,1.217725052337748,-0.9409986252796321,0.938843555321589,-0.3585473051121779,1.3342621241796637
2018-10-04,-1.7580750801475475,-2.219422765726453,0.19993045897077621,-0.6616366802089435,-0.2455411793510054
2018-10-05,-1.6228639601389427,-1.0353929465492184,-0.5638934675110563,-0.28043935498948125,0.4698713576709812
2018-10-08,-0.23184063631338514,-1.3351678882332685,0.6107136625370657,0.9257089289899101,0.8237731488006217
2018-10-09,1.3853386482669983,0.31645230152004267,-0.6937218175511628,0.4411935446418269,0.4195875880353528
2018-10-10,-4.633449698508407,-6.152423114761108,-2.6632902549772908,-2.3003121026471063,-2.1112121605820544
2018-10-11,-0.8818635607321212,-2.0447229739353423,-2.996321880326547,-3.4548035967818302,-3.8193358171458858
2018-10-12,3.5718948762426983,4.02766145542528,-1.091279015999258,-0.26960784313725394,2.26579960918345
2018-10-15,-2.1394611727416746,-1.5464522729941033,-0.5703599812996729,-0.6881297616121884,-1.5076672481759479
2018-10-16,2.204637467795356,3.351032113347907,2.14406620274592,0.4701806483543791,1.8786314540494953
2018-10-17,-0.4321365551514189,0.6467175102749412,1.1139753268274655,0.3694581280788034,1.4568935293467922
2018-10-18,-2.3382400810155857,-3.3307310575248494,-1.584266593826822,0.4294478527607337,-1.2790502271000648
2018-10-19,1.523932969169528,-0.377812415288703,-0.16652789342215257,0.14660965180208763,1.1364262989184803
2018-10-22,0.6110016779747429,1.4325153200342333,-1.4363821703271218,-1.0003659875564175,-0.2920559362976749
2018-10-23,0.9426608415060933,-1.1512882132677538,-1.0436254230913877,-1.6142945163277855,-0.608647067914081
2018-10-24,-3.4301312788463156,-5.908294227398658,-1.8622327790973836,-2.780561122244485,-3.673288760779325
2018-10-25,2.188830825879151,7.088691263069347,1.5199922548165379,0.8889461479000271,2.1890342174730293
2018-10-26,-1.5923566878980888,-7.819680501860093,-1.373259584207509,-0.9960413740263019,-1.8658384851666154
2018-10-29,-1.8770226537216828,-6.3263554519390475,1.382711274415005,-0.6191151812201756,1.4788547542753605
2018-10-30,0.4994346023369678,-0.549750467872745,1.7644253695755951,2.2452952628163603,-0.7864850487313224
2018-10-31,2.606657290201597,4.416434704198835,2.174320524835993,1.1424219345011588,0.3964828137489995
2018-11-01,1.5352279996344587,4.225255161106634,-0.036690515501736076,1.24246987951806,1.4165076300813206
2018-11-02,-6.633066330663306,0.0,-0.5505597357313374,1.586711292921783,-1.69457133263603
2018-11-05,-2.8378638904954623,-2.265344965266314,0.6551024174201947,-0.37827943868212754,1.3743568069118473
2018-11-06,1.0813921187348585,0.9221034525126015,0.467503895865784,0.42871141597256024,-1.1717452799317463
2018-11-07,3.0328013662328512,6.858979431583689,1.7153284671532987,1.2684473716306988,3.2316850333445446
2018-11-08,-0.695397043133672,-0.03303920842613328,0.8073196986006392,-1.5897868240395074,-1.2388064311493086
2018-11-09,-1.9281315350229145,-2.4206369557413177,-0.9699234739277363,-1.0280259454166996,0.9808143381247358
2018-11-12,-5.037364529128685,-4.413611067313705,-2.1026147901877956,-1.2860145913194065,-0.3840362880939252
2018-11-13,-0.9991141874214571,-0.3470079726303421,0.587425424506649,-2.2923712889891035,-1.337590280767209
2018-11-14,-2.8257522160722415,-1.9715909439236956,-2.062231955470395,-0.782051282051277,-1.401537279388776
2018-11-15,2.468950749464671,1.2776655555625016,2.5528743128668596,1.0337252875048497,0.6991751994394946
2018-11-16,1.1075585647712716,-1.6073457491478482,-0.07268102116834152,0.9847806624887934,0.6940765461696197
2018-11-19,-3.9642023024616058,-5.090968426205444,0.7637057914355871,0.32928064842958626,1.5400579946272641
2018-11-20,-4.777789734208559,-1.1128817885458386,-2.147433005503918,-2.8401918707397167,-1.4713326520281567
2018-11-21,-0.11300711944851605,1.4223048426571072,-0.7468879668049766,0.7665324152267061,-0.9877811759345878
2018-11-23,-2.538748727231588,-0.9672123581652703,-0.9197324414715657,-2.668901495616305,0.09276347028386311
2018-11-26,1.3511944837833356,5.277419011224582,2.4472573839662504,1.973771360445098,0.4636320287569218
2018-11-27,-0.21761539342571856,0.0056914116598250075,0.4210140948196939,0.09093270979474433,1.6843499066548917
2018-11-28,3.8452708907254385,6.0913609287855275,1.1119212541013557,1.8170019467877996,1.8833735078190639
2018-11-29,-0.7671051177185806,-0.24914319773506888,-0.7932215612042492,0.7775653282345418,1.3584600673356428
2018-11-30,-0.5413473534129243,0.991891585054705,1.0267127021624578,0.5565393372122474,1.5822498730908574
2018-12-03,3.494232276850706,4.862824449611569,0.9443295260365137,2.1635220125786114,-0.5191254960215552
2018-12-06,-5.46477653933557,-4.128393780044681,-6.281183178902349,-3.484363457276529,-2.1962923374055587
2018-12-07,-3.564560439560449,-4.123141026018273,-1.8062553474664789,-0.9567546880979716,-2.356544641370406
2018-12-10,0.6575979868480353,0.7304512224316051,-1.868525510698038,-1.4167954662545057,1.09285942465156
2018-12-11,-0.5707547169811256,0.1346715172787949,-0.9767166535122329,0.18291089626338852,-0.8783788599844633
2018-12-12,0.2775273969353398,1.2353642803242249,0.6476038656969108,-0.8607198748043943,0.34085025599723817
2018-12-13,1.0952099349497368,-0.31018190124673106,0.09899029895070743,1.2628255722178405,0.9285403737094411
2018-12-14,-3.2008984978239563,-4.008128414476775,-0.8208069620253111,-1.818654195895042,-1.727806561404599
2018-12-17,-0.9306260575296044,-4.460051133543985,-1.2762987336723541,-2.0375760783275854,-1.5751407149790064
2018-12-18,1.3004757838233516,2.009980866717953,-0.47469952530047044,-2.7552674230145957,-1.6470864604158586
2018-12-19,-3.1191290524591797,-3.6352386108747803,-1.2685203978079929,-1.6944444444444429,-1.014106934043224
2018-12-20,-2.5234318673395872,-2.290847312518396,-0.8633980881899483,-3.0375812376377542,-0.04775621207780967
2018-12-21,-3.889512344419499,-5.707714107733263,-2.3639191290824257,-0.7431152557190623,-0.047527560955973325
2018-12-24,-2.587373616750266,-2.431304221568842,-2.1556759052776875,-3.8314738696418105,-3.291276180891878
2018-12-26,7.042061675928957,9.445221583975716,4.145864988061643,4.777896504350476,4.044558563761558
2018-12-27,-0.6489705545517088,-0.62954653613434,1.125468945393937,0.43706293706293753,1.564234635195283
2018-12-28,0.051232132793699314,1.120658985796763,-0.21640560593571,-1.1169132579054164,0.25677259254153206
2018-12-31,0.9652311946336312,1.6204110905129854,0.815862852421767,0.02933841865921938,1.6061821190995973
2019-01-02,0.11411182959297772,2.474084036299007,1.7312026224134414,2.1997360316762027,-0.9164290202522962
2019-01-03,-9.959473150962506,-2.524153255410533,-2.2152854697412128,-1.5353709283971728,-2.797642857839755
2019-01-04,4.267469337234142,5.006398805556311,3.6865410359386175,3.6869717283590786,2.2834602201155407
2019-01-07,-0.22123296910832035,3.4353398206158348,0.069520309861959,0.5200281096275239,0.5348144586352799
2019-01-08,1.9062812643647176,1.6612355861578054,-0.18856689162367601,0.727069351230436,0.4626669725084298
2019-01-09,1.6981532583315584,0.17143753999204758,-0.1690364919956111,0.5274847307051633,-0.2071927208072144
2019-01-10,0.31830515549988725,-0.1928384616311729,-0.009960159362554233,-0.5109085887876286,-2.3765885099101602
2019-01-11,-0.9804941482444818,-0.9455265604811025,-0.47813527243749654,-0.45801526717557106,1.3471228716680494
2019-01-14,-1.5050035458198718,-1.423294484810056,1.0309278350515427,-0.12548800892359102,-1.1892344026766422
2019-01-15,2.0480000000000054,3.546230854372645,0.7331087774915979,0.05584252408210588,0.8495042898472693
2019-01-16,1.2203407546775402,0.5505923944200353,0.8064516129032251,-0.04185851820845965,-1.450903327424713
2019-01-17,0.5937782367368083,0.5606433144472511,0.409756097560976,0.6839754327191416,0.8550006137566513
2019-01-18,0.6159373796997158,0.17599603123044094,1.6226195102992724,1.1922916955497076,0.14133345256015506
2019-01-22,-2.244611656676432,-3.7749086192665926,-1.57758867960609,-1.5070557610631474,-0.6114152340368495
2019-01-23,0.404435746901477,0.48095480250218703,-0.2525743151350235,-0.8206982890527237,-0.26029578385717844
2019-01-24,-0.7926195426195437,0.9091352544481124,0.05843396961431324,0.14025245441795509,-2.8699753537426043
2019-01-25,3.313686967910945,0.94505507785827,0.6326649795600492,0.4481792717086819,-0.757113232092943
2019-01-28,-0.9254563894523171,-1.9562185361882367,0.4739336492890933,-0.6692693809258299,-2.7312418558531393
2019-01-29,-1.0364683301343547,-2.6869936320509935,0.2791682710820309,0.3790005614823233,3.1369754806203964
2019-01-30,6.834755624515121,4.802745501543404,0.23039262743591582,1.0907565375471995,1.9866538673511291
2019-01-31,0.7189020405199198,2.8914710583502368,-0.8715640264342461,1.3694840226863958,2.0923134689983858
2019-02-01,0.04806536890171742,-5.3818808073403,0.3671497584541106,3.60262008733625,1.0129123964970566
2019-02-04,2.8417006966130254,0.4353627715636632,0.35618020793224403,-1.4488935721812535,-1.0261267467034152
2019-02-05,1.7097610538854946,1.5612467933215468,-0.4412470023980708,1.0291365944934627,-0.7775118130591063
2019-02-06,0.03444712366518221,-1.1182715320018577,-0.04817419789961974,-0.4365656832914344,0.5225699619971769
2019-02-07,-1.8939393939394034,-1.5784083011230021,-1.3109697320223601,-0.7706617060855625,-1.4882858545556932
2019-02-08,-0.3088803088802994,-1.6198269293904,-0.9962883375659315,-0.9373326191751463,1.270949544011435
2019-02-11,-0.57507687252073,0.1750387225951,-0.47355958958169575,0.16220600162204502,-1.3024612871235242
2019-02-13,0.44147504603617715,3.0798240100565755,2.1907216494845505,2.9014844804318596,0.048088482808372746
2019-02-14,0.3643201316253508,-1.0579268292682853,-0.6499175477737928,0.026229508196706774,0.6473646264182564
2019-02-15,-0.22248243559720438,-0.9059254922503368,3.0560437414567376,1.888029369345734,1.024496423311061
2019-02-19,0.30043422133552156,1.2208091047607228,-0.3505447655139604,0.6691545489641015,0.4717239320279676
2019-02-20,0.6435307607703722,-0.3366961992651629,0.484883057615515,0.38348459670203283,-0.9390182900556154
2019-02-21,-0.5650111607142905,-0.1639849577707797,-0.2081559277131273,-0.9041130778046691,-0.1419879310258665
2019-02-22,1.1177364667368295,0.7484068566911972,-0.4456243481558708,0.7710100231303141,1.9458477066884416
2019-02-25,0.7284415974839753,0.08825908946039629,1.0476190476190528,0.10201479214486664,0.27919722816331927
2019-02-26,0.05739473805042028,0.2082057562768025,-0.7634307257304296,0.20382165605095093,-0.13933237996356374
2019-02-27,0.3097538030883751,0.28660474211683606,-0.12346851552854643,1.0297482837528626,-0.20916757191515867
2019-02-28,-0.9835765588544931,-0.0767782388534477,-0.7607455306199995,-0.5536680508367864,0.9784889692692644
2019-03-01,1.0510996119016847,1.9453236006171437,0.06707550785742811,1.2273820068328556,0.02311795510734349
2019-03-04,0.5029376128752094,1.461958569864752,-0.2298190175237136,0.3875000000000073,-0.6690492931190062
2019-03-05,-0.18197120305710746,-0.22049676624394943,-0.07678280065265275,-0.14942099364961825,-0.4178494713199976
2019-03-06,-0.5765330538021529,-1.387354277577213,-0.3746037844587491,-1.1348048385085407,-2.401524933899035
2019-03-07,-1.1574604629841945,-2.576470235776984,-0.723100655611264,1.1099899091826293,-1.1227007315825488
2019-03-08,0.23884057971015338,-0.3167379070697196,0.038846265902692245,-1.4346307385229462,-1.2080865336582036
2019-03-11,3.463033219209777,3.073790720631786,1.3008445781962807,0.9745601822554129,1.4919404771732925
2019-03-12,1.1246506428172154,0.1484478816247803,-0.2970771442261544,0.2757583354224158,0.5541447741351568
2019-03-13,0.4422039444591741,1.0585141354372052,0.33640907343328585,0.8874999999999966,0.6709152912566241
2019-03-14,1.1116492031346459,-0.2714675214837814,0.9100488552543418,-0.3345310370462151,-1.9518723963107165
2019-03-15,1.299719156162249,1.5502129022310074,1.148661477121693,-0.3605171556439468,1.4324130512728628
2019-03-18,1.0208467655276277,1.7397042677941732,0.6006569685593544,1.1603243917654327,0.07170757449128651
2019-03-19,-0.7914051696628066,1.1307866716413484,-0.3638399104394119,-0.2590034533793695,1.1719824290944425
2019-03-20,0.8727725001608233,2.010386809319753,-2.134831460674158,0.5564486212439546,-0.30724571177758175
2019-03-21,3.6840986394558017,1.22352234221903,-1.578645235361642,0.5779636005902811,0.4267667292057631
2019-03-22,-2.07081787054314,-2.9951738618998913,-3.023233206960241,-1.6016627949627105,-1.1807022438324544
2019-03-25,-1.2101417415153914,0.5377471285209934,-0.8319967923015259,-0.6958250497017926,0.09578640639651415
2019-03-26,-1.0321076613330593,0.5354344909990649,1.0007075710098068,1.301301301301283,1.26518524487782
2019-03-27,0.8993961197481637,-1.0124680450284806,-0.3402722177742179,-0.7658102766798347,-0.9430020889286905
2019-03-28,0.131584532450435,0.4372203658605578,1.1347660172725371,0.49788399302961306,0.6424353798879512
2019-03-29,0.6528189910979254,0.41332566453518016,0.5163340283983908,0.07431260837256204,0.4258057756924005
2019-04-01,0.6780660377358583,1.8778604520567121,3.368566630445513,1.1509900990099187,0.8711009105947909
2019-04-02,1.453670780171512,-0.011575413821041103,0.4778287461773667,-0.42823932460541725,0.1635061228610457
2019-04-03,0.6865271621482316,0.3704561241028026,0.1997336884154377,-0.5898255099532901,-0.1632392167467578
2019-04-04,0.17404480117941823,-0.10106003185589296,0.19933554817277432,1.4215080346106301,-0.23343946456669817
2019-04-05,0.6683972773542157,1.01272225459903,-0.23683213338385745,0.5362583790371689,0.5849641987101029
2019-04-08,1.5736040609137136,0.6847078289645481,0.3228563289336295,0.6182567583949528,0.34893736059069536
2019-04-09,-0.2998500749625155,-0.7578951920685917,-0.738286796024612,-1.2891566265060161,-0.6954480431353827
2019-04-10,0.5614035087719405,0.6258715356458167,0.4481739296271492,-0.4516050286830331,-0.2568326598555548
2019-04-11,-0.8314225899710981,-0.17647090665988685,0.8448832352382807,0.47817557626288476,-1.0763890603321058
2019-04-12,-0.04021070408941618,-0.054770155145955624,4.687941259531203,-1.2568639414276994,-1.3249379832192876
2019-04-15,0.1810209582042699,0.0982062439638387,-1.1419836345652357,-0.3336628769154637,0.9112544860883975
2019-04-16,0.010038548024415839,0.9848932445104541,1.0551209750773172,0.6819590824550525,-2.7797549825560375
2019-04-17,1.9472828378134244,0.09554276880796575,2.880288028802891,0.2832512315271041,-2.541627889590392
2019-04-18,0.35838764941023005,-0.16784461771108816,-0.734908136482948,-0.36841458921774706,-1.2538289396416324
2019-04-22,0.3296379868537258,1.376168964757829,0.1233915036136013,2.181683717490457,-1.0157995403185516
2019-04-23,1.441339252537488,1.9318500935193494,0.12323943661971537,0.5790108564535545,1.1287921842439985
2019-04-24,-0.15423173317909988,-1.1446274762575537,-0.16704765254088594,-1.9429119692971786,-0.12684616022756723
2019-04-25,-0.9075111025294458,0.02629157355067413,0.05284015852047297,0.5626223091976357,0.6095812779502996
2019-04-26,-0.477396726422441,2.5433039821264325,0.7569756183434473,-2.104110921916813,0.9089650103067504
2019-04-29,0.1527165932452279,-0.6254389607460165,1.441425701057053,-0.6460429867064188,-0.95065915359136
2019-04-30,-1.9255957617344,-0.6144147583353576,-0.06028246641406332,0.3876453670126345,2.5763869829706465
2019-05-01,4.907510763833534,-0.7786059838465254,-0.7669108143041781,-2.005480817140004,0.3940648687402959
2019-05-02,-0.6498194945848468,-0.5597639574788649,0.21708926710664045,-1.7541629591966368,0.5886477661140699
2019-05-03,1.2431150550795689,3.2428109973590358,0.6151979897755844,0.2328891189028237,0.9265499518976039
2019-05-06,-1.545203823340524,-0.6068913506517393,-0.8870134343782254,-0.43887956628372304,0.6282559716176195
2019-05-07,-2.6957022256331453,-1.5149573197303257,-1.6335042140933287,-0.5315700764942255,-1.9689935439097694
2019-05-08,0.019718032140381148,-0.1681415929203567,-0.5299885169154583,0.15641293013557434,0.29402113955152576
2019-05-09,-1.0744208969935998,-0.9333757437023249,-0.07992185418701503,-0.09109838625717126,-0.757113232092943
2019-05-10,-1.7636508569151,-0.5205619331848932,-0.008887308922844728,-0.27354435326298887,0.1970169709743841
2019-05-13,-5.811948473476014,-3.5608842421612885,-2.7197582437116674,-1.1102403343782763,-0.3683890105050325
2019-05-14,1.5830282145164798,0.9568327956635203,0.7948835084513384,0.13208294809141652,0.2217986754484702
2019-05-15,1.197922188063183,1.686303067191286,-0.3807106598984644,0.7386888273314796,1.2051287373260333
2019-05-16,-0.4399748585794949,1.9463966010207612,1.2829845313921728,-0.013094146916337035,1.1907783255272752
2019-05-17,-0.5681818181818232,-2.0219441488385725,-0.4851316144102058,-0.5893137768465229,-0.40838455029564846
2019-05-20,-3.125925925925921,-0.5366506153023032,0.5236074749480846,-0.01317349492818698,0.2894834577247263
2019-05-21,1.9159766674677003,-0.07800018289698674,0.34126627750337146,0.46113306982871194,0.19226281667563683
2019-05-22,-2.04715969989282,0.11628407769499471,-0.8144634386467509,-0.9049180327868833,0.7680818207134177
2019-05-23,-1.7069701280227667,-2.376752989761677,-1.9671539433315233,-2.34250926416093,-0.16681572891439345
2019-05-24,-0.382945563842807,0.42963844272589924,0.9849042709867417,0.42011112616884283,0.07146811616085547
2019-05-28,-0.4134724984913851,0.7212276775920401,-1.0846777868927182,-2.0107962213225306,-0.11919610525468194
2019-05-29,-0.47802863683289454,-0.9387779550541042,-0.27644673792849295,-0.619749345820142,-0.4295173594501378
2019-05-30,0.51866050287519,-0.1577625206822919,-1.0718905932360023,-0.26330376940132405,0.43137016921037663
2019-05-31,-1.810431856421768,-2.2710755813953543,-1.0274612366897196,-1.667361400583578,-0.9068707671391452
2019-06-03,-1.01215499908609,-4.64094373743007,0.4718761796904447,1.568461212378125,0.9634440074392403
2019-06-04,3.658395845354856,2.1781897453166277,3.0809693781701952,2.3789649415692837,0.7395943429463037
2019-06-05,1.6143397906924983,0.5168944702699019,0.35538545653361897,-0.8289169724147283,0.5920278577834281
2019-06-06,1.4681713597019863,0.9122807017543755,0.2179242713157281,1.8224171005754908,0.5413607026762524
2019-06-07,2.6627793974732583,2.8312319022321564,-1.096312403732902,0.36334275333063104,0.4917640026774084
2019-06-10,1.276873238251519,3.1374201094216847,1.0809820447050367,0.4424778761061843,0.34926018777958756
2019-06-11,1.1589988576176102,0.1649978770631444,0.3081384810585508,-0.09344546789479269,-0.9285271663388772
2019-06-12,-0.3182555489394945,-0.4496431829157155,-1.2739428984459789,-1.0823089257081753,0.9607159633118423
2019-06-13,-0.02059817088243543,0.8074078865101475,0.24709435343646113,0.8780224233418954,-1.3463083041119095
2019-06-14,-0.7272652354855857,-0.03368443565202606,0.2556143874383743,-0.441885377611162,0.611847755399908
2019-06-17,0.597696378541035,0.875020725582587,-0.5463485703879001,0.9952925353059916,0.2805031787893153
2019-06-18,2.351824727167706,0.8133486741992435,1.3642190075077831,0.8656279131708411,0.44307222987600703
2019-06-19,-0.29226210872149716,0.39024492865671334,-0.7226086171077561,-0.5545286506469571,0.9985769604757389
2019-06-20,0.8025390151208844,0.4924585732322573,0.2547538895459889,1.7126925119490322,0.2298973222297107
2019-06-21,-0.3409204853103365,-0.35919278069430627,-0.6806425265450611,1.4097376321628996,0.16041383381806273
2019-06-24,-0.10061374383740773,0.13603306649925262,-0.7127192982456121,-0.9525035397090931,0.2060540765129737
2019-06-25,-1.5147547587873955,-1.8616437640420092,-0.8282716731087714,-0.8836907082521162,0.0
2019-06-26,2.1618636614648468,1.0413838266063902,0.6681514476614581,0.43267339714172515,-1.7595498792253084
2019-06-27,-0.030030030030026023,0.33986184220926585,0.33185840707965486,-1.0182767624020927,1.0235005140814213
2019-06-28,-0.9111845399018881,-0.559266494423083,2.7195883866225623,1.0683197045634474,-0.25334350269861083
2019-07-01,1.835084882780924,1.5082143819014293,1.681574239713779,-0.09134803601721364,1.0388383323065131
2019-07-02,0.5854568548067096,0.630530800805329,0.1055594651653724,-1.0971786833855801,1.0281574387166703
2019-07-03,0.8286802280843775,0.24246372091341062,-0.8611599297012384,0.9508716323296307,0.40698215337930943
2019-07-05,-0.08805745259574671,0.20165033522434594,0.5938663357560658,-0.4055468341182644,-1.081045121160229
2019-07-08,-2.062360452818357,0.4843250588035364,-0.5463036390871312,0.45973991856036456,-1.4115900744345322
2019-07-09,0.6099390060993803,1.8429355843304407,0.4252680074421811,-0.06537656903765621,0.16152530563120493
2019-07-10,0.9898628503279605,1.4640647789569083,-0.2911336568151679,1.4130576998560684,1.591000304043777
2019-07-11,-0.728231774523691,-0.8099493905552202,0.9555830826402323,0.07740936653333197,-2.4512409437205673
2019-07-12,0.7672786391212938,0.49623451453473244,1.0517090271691565,0.07734949078253006,-1.3494408828062965
2019-07-15,0.9404820462370678,0.496767777225271,-1.2142237640936582,-0.7084889862166599,0.8255168810489488
2019-07-16,-0.3469582675477034,-0.5487409635871465,1.0711150131694547,-1.4919564089257764,0.23393082754263883
2019-07-17,-0.5613691931540377,-0.8890989601472721,-0.9815844336344748,-0.592651126037147,-0.25677259254152096
2019-07-18,1.1349777725323529,-0.7093266667670628,0.5965435564523336,-0.8479067302596732,0.7488529024837431
2019-07-19,-1.4917825537294482,-0.6764750492947114,-0.9854364698700602,0.20042757883482754,-0.6734658379615288
2019-07-22,2.284394250513344,1.0745627430619242,0.6429452175444661,0.10668089078542664,0.11691060038774292
2019-07-23,0.7817778206736792,0.44620599003841743,1.8290014877045735,0.3996270147862191,0.6304322119079941
2019-07-24,-0.08044435931814364,0.3168729850738794,0.4039188724647591,-0.01326787846623878,-0.46417003899908993
2019-07-25,-0.791673056279707,-1.3489536737621322,-0.9586578789694489,-0.5705944798301443,-0.512820512820511
2019-07-26,0.3477924838179991,-1.5589060805949906,0.44075706507649137,-0.16014947284131997,0.9842023288585633
2019-07-29,0.9338596322326032,-1.574843673605919,-0.31836172775771,0.7084614356369423,-3.8059005412868996
2019-07-30,-0.42922548645555336,-0.7278621663311502,-0.22442813983598597,0.01327316166710446,-6.417509702869506
2019-07-31,2.0404253280965623,-1.67234649966026,0.35470196383768915,-1.31386861313868,0.12890628186963404
2019-08-01,-2.1629740893728933,-0.6138912994568257,-2.6379310344827656,-2.555137170521793,-1.5190815436888716
2019-08-02,-2.1167575036462605,-1.7290817756505539,-0.008854258898527423,-0.9798509522495058,-0.6536308226922971
2019-08-05,-5.2347809038329585,-3.187183256181303,-2.9752944301779993,-2.04878048780488,-2.736660929432011
2019-08-06,1.8930381710975386,1.28602425883646,0.7848863740074874,0.9675583380762465,-0.02711481267946292
2019-08-07,1.035532994923849,0.3115508745238804,-2.173322466721006,-0.648252536640348,-1.0012361998132713
2019-08-08,2.2065916398713803,2.201962752314035,1.6939738961399664,2.6666666666666616,0.7927673318721684
2019-08-09,-1.1994179873372923,-1.3808793762855487,-0.10922992900055384,-2.127659574468077,-1.4105502290355787
2019-08-12,-0.25473650692564576,-1.2536097987364214,-1.8771642063058036,-1.7080745341614967,-2.6409038275693075
2019-08-13,4.235833998403837,2.208502341841645,1.5416047548291179,1.2350998132988567,-0.5368443330282857
2019-08-14,-2.9764753172673797,-3.3645044235175448,-4.152185842326695,-4.02894027521633,-2.727180095780979
2019-08-15,-0.499131944444442,0.7464718428098038,0.3816793893129722,-0.5912786400591341,0.7009101048130129
2019-08-16,2.359472588480216,0.9261761592685103,2.3954372623574027,1.5613382899628103,0.4928821213206147
2019-08-19,1.8653753026634412,1.3137562270929326,0.9004827330115095,1.6837481698389611,1.5295435725071638
2019-08-20,0.0038031490073864305,-0.8116203775080821,-1.2696660226331757,-0.6047516198704139,-1.6201482512114174
2019-08-21,1.083856246434678,1.230167982324648,0.2795638803466671,0.999565406345071,0.7513296859045671
2019-08-22,-0.08465011286680202,-0.9838007392215187,1.0315026484527534,-0.2151462994836595,0.6020269248222521
2019-08-23,-4.622046502871136,-3.1003544528134697,-2.4834437086092787,-2.9897944516314445,-2.1092199434654457
2019-08-26,1.900908014212388,1.1002389090202458,0.8017355215997002,0.533412357386287,1.4557976935790196
2019-08-27,-1.129341572554865,-0.39799419968680194,-1.057359408627312,-0.9727339719970529,-1.434908331188589
2019-08-28,0.6720219435736752,0.1373571797506079,1.0024588613580576,0.7292751897604033,2.154666601131705
2019-08-29,1.6931670007590105,1.2554910018421461,2.265917602996259,1.1081560283688008,0.7126962169964557
2019-08-30,-0.1301360687424591,-0.565942678011655,0.5859732649697857,0.07306736811338865,0.6228539010480372
2019-09-03,-1.4563571907636352,0.7628258899166296,-1.1833242308392444,0.1168224299065379,1.60328312502227
2019-09-04,1.6976178901312755,0.6022884727126421,1.2067059690493709,1.06476079346558,-0.8028644943472218
2019-09-05,1.954185628513505,2.2270106963157232,2.2754164012014133,1.4143455044017816,1.42352421610481
2019-09-06,-0.009377344336092275,-0.39169455430484446,0.21358013704724232,0.9392343816707172,0.44007721671479594
2019-09-09,0.4276470036575164,-0.11780682952370336,2.4775774797975325,0.7895107852812444,0.9040436299317056
2019-09-10,1.1803597108865693,-0.5897288885248542,1.2738301559791942,0.8113022800391612,1.49343079492108
2019-09-11,3.1804337794185678,0.1340254318749956,0.273808505176687,-0.1942555848480465,0.0804305432871466
2019-09-12,-0.2271995420229711,1.127817486656535,0.6143868930796215,0.06951202558043157,-0.34768828180515854
2019-09-13,-1.941869430349108,-0.22836375471237957,1.9676024086167532,0.9169213670463972,-0.9923739724670755
2019-09-16,0.52479520187243,-1.7125708134439477,-0.8899609082591797,1.5005506607929542,-0.21692655935613425
2019-09-17,0.36380172805821065,0.8136782016107569,-0.495132594830483,-0.7595280075952782,-0.8959439061206664
2019-09-18,0.9388309922972349,-0.27927903212531247,1.0036265497174846,-0.4783381167145162,-0.32861176701799444
2019-09-19,-0.8133876788824379,0.22228824843462114,-0.3173012692050836,-0.6728920626201562,0.35724227521571894
2019-09-20,-1.460897900072411,-1.5009607466373809,-0.4020773998994698,-0.34563804783630525,0.49292681799268934
2019-09-23,0.4537688534528739,-0.4938244080795573,-0.016820857863764083,0.06936736958933487,-1.2262724193650376
2019-09-24,-0.4754937820043881,-2.4472077521985103,-1.3038358008075401,-1.3725218355746471,-0.6348661134026545
2019-09-25,1.5398750459389987,1.534212596390705,0.5710389499701707,0.29519257801517984,-0.3052531667818936
2019-09-26,-0.515762423540489,-1.6111246204045582,-0.8220338983050857,-0.5325858444288678,-0.3343970568357335
2019-09-27,-0.48751205137067544,-0.827087548280292,0.5895924122020002,0.7186134986614245,1.2297450291294032
2019-09-30,2.354446577095337,0.6062186675939607,-0.02548419979612193,-1.217123670956921,-0.8006477412064061
2019-10-01,0.2768203168253214,-0.014977735020826888,-1.8183363072478587,-2.35094179294717,-1.3916699452140135
2019-10-02,-2.5076583315523315,-1.2917350848385412,-1.990480311553433,-2.610587382160978,-2.060394571515345
2019-10-03,0.8494702228717399,0.653152232916776,-0.9359823399558542,1.2360387192851707,2.161501559564405
2019-10-04,2.804093832080423,0.8831955092146959,2.165968446385591,1.4563106796116498,1.3539732419178385
2019-10-07,0.021144256691285612,-0.4018049607679708,-0.21811202233467109,-1.377410468319562,-0.2783339890428005
2019-10-08,-1.1714965207434092,-1.566954855540037,-2.229605665821466,-1.9406057042046343,-1.1164433976152077
2019-10-09,1.1729055258467014,0.9662798810912809,0.7243784653908181,1.1094452773613206,0.733941129882254
2019-10-10,1.3478276190140637,-0.10046515949569956,1.4028234040664112,1.2010676156583688,0.28020560233861236
2019-10-11,2.6598056429602,0.6778045179217207,1.6898695385693108,1.0695970695970836,0.8939756124160425
2019-10-14,-0.14393849592737595,0.26040463762759813,0.2669192354055383,0.28993911278631934,0.526140506684114
2019-10-15,-0.234025234025248,1.7823926101253829,3.0141691713181595,0.3469210754553309,0.5509946092035811
2019-10-16,-0.402855685874548,0.5686383233939551,-0.2334111370456693,-1.7142033995966588,-0.43814902269067035
2019-10-17,0.38741829228747804,0.5654231108960683,0.5598262032085355,-0.13190678587132743,0.33005791253608585
2019-10-18,0.4811288677320613,-1.6766621164992057,0.17449106771916245,-0.7778103903727684,0.0
2019-10-21,1.7342605282303802,1.601697856626716,2.480092899800934,1.671350391953852,0.0
2019-10-22,-0.2295103778605645,-1.1161139298634715,1.0036422501011888,0.5091649694501044,-0.08217069515250586
2019-10-23,1.3418903150525185,-0.20161632865726142,0.26444426636749174,0.9552757273121992,0.9332885462937757
2019-10-24,0.16448721111934628,1.0560842597479247,-0.07193094629156516,-0.9462365591397792,-1.0336784666098442
2019-10-25,1.2316282124969158,-1.092218016824087,0.7998080460689394,0.23158199449992978,1.0444749795627262
2019-10-28,1.0025143969502714,0.8942106249254733,0.3808616995953473,-0.8808664259927768,1.386844770355844
2019-10-29,-2.3127700239307436,-0.8086298872307274,-0.06323610781756583,-0.2913752913752954,2.494658951032136
2019-10-30,-0.013152919125991591,0.9803087291726964,-0.5536660602705079,-1.0520163646990044,0.706770363130893
2019-10-31,2.260955356408778,-0.18707970269495888,-0.6442376521116677,-0.22150029533373194,-0.2859328181242571
2019-11-01,2.8380768612317198,0.8318980559026468,2.3054755043227626,3.0042918454935563,0.05196190559979552
2019-11-04,0.6567117504495457,0.7379538248559747,0.7981220657276911,2.974137931034493,-0.9375764253937047
2019-11-05,-0.14291262135922578,-0.16346569436902492,0.2173575531749794,1.9813031952002236,-1.4463044895355104
2019-11-06,0.042001773408206766,-0.329686797542339,0.15491866769947737,-2.189081953755656,0.34675800963153147
2019-11-07,0.8521225314880976,-0.4215461890999417,0.5413766434648082,2.12617149251646,-1.8610300036743799
2019-11-08,0.27290388232752427,-0.12973940275137208,0.2923076923076806,-3.068072866730598,0.37926422169380913
2019-11-11,0.7918812946874798,-0.7968060563979695,-0.3528148489032157,-0.6076020912816116,-0.3240180516208002
2019-11-12,-0.09153318077803618,0.35842293906809264,-0.5849753694581183,-1.3790162069945988,0.10854754811082667
2019-11-13,0.9589250267216354,-1.3998875140607492,-0.5264787860018605,-0.8216808418624821,-1.0009787220686128
2019-11-14,-0.692700928642731,0.08499181454673099,0.09339975093400898,-0.43604651162790775,-0.13661950315463356
2019-11-15,1.187937861711852,-0.8611649378775788,0.7231726283048356,1.0072992700729921,1.997258099429966
2019-11-18,0.5042143287176559,0.7496450108939845,0.841503898710716,-0.9683480271715617,-0.16100963511085364
2019-11-19,-0.3025084238113207,0.01483569468139212,-0.030623181748579142,-1.0215995329830752,1.1821691145210256
2019-11-20,-1.1641356105327905,-0.41419679482425087,-0.727523357328852,0.30964317310528955,-1.6196214534015763
2019-11-21,-0.448341894890425,-0.6198690369114246,0.23142791020598352,2.410701161252393,1.8623919821192159
2019-11-22,-0.08854556279865866,0.6346882187800773,0.6618948664665503,-0.4306014066312591,1.563356030367058
2019-11-25,1.7541447016578893,1.6107966913365246,0.5352091138466353,-0.6631108548363907,0.9131716338836693
2019-11-26,-0.7808628534530793,1.3022595048031382,0.1368925393565812,-0.24669859236685632,-1.0082718106619981
2019-11-27,1.3424545578375469,1.2003739690807702,0.2961950330371499,-0.0581902822228586,0.8879521723558659
2019-11-29,-0.21953405017919314,-0.9738742157040625,-0.22716946842344932,-0.8296943231441145,-0.2848224843183811
2019-12-02,-1.1569604717644677,-1.0661928031985846,-0.22009714632664767,0.4256568325260668,-0.5970149253731405
2019-12-03,-1.7822531798909802,-0.6533453075886819,-1.2854643644938046,-0.7892429114294108,-0.6270490674160301
2019-12-04,0.8818586867705758,-0.5237406495061991,1.9725689628602217,1.1343547436653,0.23676579039295653
2019-12-05,1.4671047604492893,-1.1478454469554533,0.5440531963125217,-0.3495994173343231,-0.2884817506942472
2019-12-06,1.9323744257850661,0.6389042103327691,1.4880505035322233,1.6079520537933156,0.6837630546039586
2019-12-09,-1.4007506131977765,-0.11931947933317977,-0.46652843601895366,0.2157962883038378,0.07824338099569061
2019-12-10,0.5844447774614014,-0.588736274728352,0.06695930362323743,-0.8613264427217882,0.4176141212484774
2019-12-11,0.8536948748510076,0.5467999839007254,-0.23791821561337523,-0.1448016217781789,-0.6757664397663121
2019-12-12,0.2540883104604541,0.6639141772267765,2.861827396035177,2.0011600928074413,0.8371376681589604
2019-12-13,1.3600530464893623,0.03465259354780148,-0.876684538472694,-1.5780494739835116,-0.5446995803897292
2019-12-16,1.7110542536489026,0.4696355355662263,0.387398581975007,1.1122345803842304,2.113119892995452
2019-12-17,0.19724147788178215,1.2124055369345577,0.6116207951070374,-0.45714285714284486,-0.6131629234530034
2019-12-18,-0.23964737600387087,-0.37025454301766736,-0.10131712259372483,0.2726750861079097,-0.025762572135212825
2019-12-19,0.10009294344748287,0.46243616979535496,-0.49985511445957975,-0.6869901245169618,0.20588243272203766
2019-12-20,-0.2071280622812588,-0.32249425313009006,-0.0800873680378511,0.7926214151894984,0.6669987223076435
2019-12-23,1.6318350987689634,0.3638399104394008,-0.029146021568071667,0.500428939090658,0.22937506722597867
2019-12-24,0.09577464788732559,-0.21137757947573554,0.27696793002918163,-0.3841229193342066,-0.07619395116611472
2019-12-26,1.9840153092812507,4.446655227726204,1.061200755923819,0.15709797200800235,0.22902464498493202
2019-12-27,-0.03863241259415284,0.055116466980953405,0.07192174913692728,-0.3422215884785307,-0.15242350697289853
2019-12-30,0.5935127674258078,-1.225264734196163,-0.36653730056057654,-0.5866361425096556,-1.0425693458856466
2019-12-31,0.7313391877058262,0.05143782250160989,0.5554353314578542,0.43177892918824234,0.6937836013306331
2020-01-02,2.281612248511844,2.7150619101220963,1.2123385939741826,1.6050444253367768,-0.10204466271411805
2020-01-03,-0.9721926273172699,-1.213902982597559,-1.949110496845985,-0.8039492242595259,-0.5366186288329411
2020-01-06,0.796148363323379,1.488557150247738,-0.07951424027758947,0.7678089008957834,-0.12844275355249346
2020-01-07,-0.46964643095397385,0.20915664676699475,-1.7000651088765029,-0.8183998871172493,-0.33427211703866977
2020-01-08,1.6086222150727858,-0.7808648773376059,0.7801000883132181,-1.5080381277564392,0.8000980045191008
2020-01-09,2.124066598063279,0.4799230431772106,0.365123411713153,0.7655640618229098,-0.4353591578014959
2020-01-10,0.22607482430756498,-0.9410588885089721,-0.9967986030267828,-0.8887614678899092,1.5428975985807947
2020-01-13,2.1357771676784765,0.4322521718812977,0.8304549129124705,0.954584900202482,-0.2024870106452581
2020-01-14,-1.3503281171125647,-1.155818749008608,1.1661807580175099,-0.859598853868182,1.6745764708086641
2020-01-15,-0.4285531533836595,-0.39691030469017896,-1.4985590778098024,-0.15895953757225634,1.497460793011851
2020-01-16,1.2526498361919547,0.8549854459135808,0.38765359859567194,-0.39079461571864815,-0.14758865045871872
2020-01-17,1.107727445755624,-0.703962852913298,0.6921675774134606,-0.37779715199068864,-0.24625807222531382
2020-01-21,-0.6776853281126538,1.462954223690427,-0.9840810419681545,-1.4294049008168108,-0.4197763623201234
2020-01-22,0.35631704635912254,-0.23995771670189958,-0.11692487576732136,-0.5770938147380944,-0.3715984749033674
2020-01-23,0.48221592697514915,-0.15258601506787928,-0.10242903131403303,-0.6250930197946203,1.2937653058813892
2020-01-24,-0.2881916599839718,-1.217247344235839,-2.482788926321944,-0.6739553691777811,-2.186261045321447
2020-01-27,-2.940511196561868,-1.7887454072753162,-0.8411565903116869,-2.382388419782866,0.8538359034950815
2020-01-28,2.828918408037495,1.362438058566795,1.8177686889343292,-0.13901760889710735,-5.029735011662851
2020-01-29,2.092592825755757,0.25630648860111016,-0.14877631481069464,-0.8352668213457148,-1.4684080675318456
2020-01-30,-0.14429302583707226,0.6824542518837573,1.2366833047753767,1.0606769614724731,-1.3569541796378148
2020-01-31,-4.433850410038542,7.379134860050884,-2.597689307528128,-4.121006328137067,0.45844538353181363
2020-02-03,-0.27527204114864423,-0.2250189175196149,0.7630704140223488,-2.2376046361880286,0.7251795952591289
2020-02-04,3.3020151623144978,2.2687356551242432,1.4396041088700517,-1.2514408035567248,0.4797849123675313
2020-02-05,0.815425338401532,-0.47812574707148947,1.7000517407051552,4.602301150575294,1.27350384290279
2020-02-06,1.1696925201896358,0.5078755018702141,0.014535940111937151,-1.3550135501354976,0.23574476552654655
2020-02-07,-1.594037120401448,1.4169141998702672,-0.3197442046363075,-0.6625727213962596,-0.5489612197912774
2020-02-10,0.47620833177097754,2.627351775614617,0.415542757162668,-2.4564828371563374,-0.6307285399812512
2020-02-11,-0.6033238791859463,0.7915047963597432,0.18876143458690375,0.9506337558372158,0.7407531408770041
2020-02-12,2.3741286309650445,0.4277478147665992,0.0,1.2225342805220585,-0.9189252064673803
2020-02-13,-0.7114914425427776,-0.46898148148148966,-0.08695652173913437,-0.5549208421739893,-2.1464350003913224
2020-02-14,0.024625083109652834,-0.6977166061203688,-0.3046127067014681,-0.4595437387165613,-1.137178392182292
2020-02-18,-1.8316551367586587,0.9742982008272172,-1.3240215335370453,-1.2695795548227418,-0.5203758494752964
2020-02-19,1.4482758620689706,0.6749641642737503,1.363904452963749,0.7682030728122902,-0.24775265397405377
2020-02-20,-1.0258945677028564,-0.788860115564316,0.0,-0.7954922108054374,-1.048794265116082
2020-02-21,-2.262878551358094,-2.6533834935674183,-1.2219070477852978,-1.2195121951219412,-0.3628177966101709
2020-02-24,-4.75064845456985,-4.13555537531548,-2.687578234297916,-4.68459326906816,-2.9393958187515334
2020-02-25,-3.387215775705954,-1.8190505103792831,-4.46428571428571,-3.8325053229240513,-2.1344636000170447
2020-02-26,1.5870591502360476,0.34723278282997594,0.30096626009821215,-2.1955719557195663,2.328386793890047
2020-02-27,-6.537457458004736,-4.813623022949198,-4.161402400505365,-6.017732503301265,-1.785931309399369
2020-02-28,-0.058496636443394756,-0.029188558085224692,-4.333855153662358,3.251706142111588,-1.9941221964423939
2020-03-02,9.310798946444244,3.726609157266103,4.6593747308586675,4.743390357698307,4.368631709195592
2020-03-03,-3.1765792538452353,-2.3009800660201196,-3.7524687294272607,-4.788418708240549,-1.6628155962303826
2020-03-04,4.638462601963234,3.5013279273333087,2.470930232558133,2.183235867446398,6.122480362667848
2020-03-05,-3.2437074717579395,-2.6216830395327517,-4.906132665832286,-4.406714994276994,-2.582212008010354
2020-03-06,-1.3286904274204536,-1.1922891015212933,-5.168026673686055,-4.829375374176815,-1.2408409516187935
2020-03-09,-7.907884357224903,-5.285388908468303,-13.545521835677278,-12.224785070245336,-3.598195028496398
2020-03-10,7.201358520054679,5.065505578665008,7.769691780821919,3.702818920210227,2.458542560471466
2020-03-11,-3.472348776897727,-3.750885390787706,-4.707050645481637,-3.294171849804195,-6.9961420576708955
2020-03-12,-9.875395741961723,-7.922080775018403,-8.243017924135055,-11.434016198189612,-6.683281139840302
2020-03-13,11.980727706339223,6.464830819331868,18.012492901760368,2.52824098977944,8.960762402749367
2020-03-16,-12.86460506813636,-5.369747899159661,-14.964873448176307,-9.522560335781726,-7.734605287770013
2020-03-17,4.396148828299196,7.026611017375584,6.111362607514725,6.7265874166425155,6.560499980775347
2020-03-18,-2.4472039863956407,1.225772192229413,-10.526877133105806,-10.02444987775062,0.6219248179492265
2020-03-19,-0.7670104430174463,2.7830601092896146,1.68077244010012,3.9553140096618478,-5.994992762977736
2020-03-20,-6.3485578887164,-1.852275204287246,-2.1101992966002348,-4.908510020331103,-4.635081805760732
2020-03-23,-2.1235386494503516,3.0735229593356728,-5.353293413173654,-3.9401343921808274,-1.7923636363636364
2020-03-24,10.031554739450543,1.958661572499909,11.894217385802875,12.686804451510337,4.247031336204188
2020-03-25,-0.550874918988975,-2.796763053450857,3.7317652380413957,5.2200902934537385,0.1683591377454885
2020-03-26,5.262300423590749,3.6933143851016093,6.966096151749701,4.102976669348357,6.722692055387136
2020-03-27,-4.140225971211886,-2.8325381362216184,-7.123929881777425,-4.817104585265319,-2.677307674417062
2020-03-30,2.8546056349398663,3.3603494552918445,2.600680346757378,1.4884979702300294,5.72826339291812
2020-03-31,-0.20407202172582073,-0.7245601975610416,-3.711229946524064,1.2533333333333285,-0.09202602560584028
2020-04-01,-5.2616676891133025,-2.155181256795846,-6.297900699766745,-1.1588095865156633,-2.7264794285898897
2020-04-02,1.6686590954373415,0.5834250668343977,3.733997155049784,7.647215560884613,3.5275472299932886
2020-04-03,-1.4371335717668465,-0.6378887134347533,-3.953833847560284,-2.945544554455437,2.342493846099547
2020-04-06,8.72367570791841,4.772919190806624,6.436644854253415,3.2134659525631104,2.764589670419282
2020-04-07,-1.1582187814319078,0.7013451208706556,1.3190252626872345,1.9026439337781254,-2.7768792759363614
2020-04-08,2.5594375404730307,1.5609465102406128,4.037952338923212,6.328806983511148,2.9453305964106002
2020-04-09,0.7216091884903353,-0.011747430249631208,8.971367974549317,-1.641961231470923,2.28330132016219
2020-04-13,1.9627451565718435,6.173510348743849,-4.447255741533674,-0.8578715511245227,-0.7064525648401321
2020-04-14,5.0502832550173515,5.276941448772887,-2.739586515938486,-0.7717492984097296,3.69938968926089
2020-04-15,-0.9127266139932866,1.0668675437520703,-4.931937172774859,-4.5958048550553965,-1.2896894323629393
2020-04-16,0.7945660122630427,4.355456562435012,-3.8109924000440665,-3.285573122529639,-0.2501635007639891
2020-04-17,-1.3575544486766233,-1.3782135130533724,8.988892705828476,10.395913154533854,2.870717738236639
2020-04-20,-2.074964639321075,0.783578947368424,-3.645723891573871,-4.720037019898193,-2.2487195902688883
2020-04-21,-3.0910115118512826,-2.7360346923684387,-2.9004470613891553,-0.5342399222923677,-1.275071633237812
2020-04-22,2.8795850535823453,1.5192515849698385,0.3256597417181428,2.8564453125,1.7686482516384938
2020-04-23,-0.3882651213328536,1.5214788300352389,0.0559659726885986,3.1331592689294974,1.213802014370069
2020-04-24,2.8884331777127903,0.44885286211422404,1.476675243315806,0.6444188722669608,1.8806677362407376
2020-04-27,0.07067837100491747,-1.4197874052990889,4.310439863300641,0.48021952892751685,2.5416051678740503
2020-04-28,-1.6216292571299529,-2.6060606060606117,0.7080955400549538,2.3441055985434778,-1.0959160476566532
2020-04-29,3.285232249264136,2.533620272419279,2.697030118585353,5.537024683122094,0.5540297244877923
2020-04-30,2.108906899475893,4.268958279772916,-2.145922746781115,-2.0859671302149274,0.629569568129118
2020-05-01,-1.6092579986385358,-7.597413096200489,-2.6211361737677574,-7.165913492575848,-1.8768923612543564
2020-05-04,1.4141805501743487,1.310125807072482,-1.1903485254691648,4.033379694019468,-0.05324992713167109
2020-05-05,1.5008868877063541,0.07815232362835545,-0.1519426958975445,-0.11140819964350346,2.3658368338109748
2020-05-06,1.0323968275305795,1.4436103201311612,-1.8804347826086976,-1.8737452598706184,0.0
2020-05-07,1.0338220814816834,0.6953718431819578,1.0413204829954559,0.5683109797681274,-4.024872964347825
2020-05-08,2.1044314216105864,0.506840231288086,1.6335928078061723,4.385171790235076,0.7032726151808832
2020-05-11,1.573523531915444,1.2350763360382544,-2.9449838187702304,-0.9527934170636576,2.3643382290420734
2020-05-12,-1.14281360710069,-2.160647571606489,-3.2677559186395477,-3.541757761259301,-1.942032516723513
2020-05-13,-1.2074036967104629,0.4654320201955997,-3.4470872113064432,-4.963735267452396,-0.8298649739943653
2020-05-14,0.6136803921313883,0.8838981046656924,4.153278590979403,0.8824230860958737,2.3481343336702487
2020-05-15,-0.5905537248820925,0.8761537978525302,-1.8510054844606882,-0.7092198581560183,-0.42201957369624177
2020-05-18,2.3554492512479097,0.6838798562524451,5.296856810244477,7.952380952380955,0.8210758636103321
2020-05-19,-0.5778511557023136,0.9508461582847572,-1.9679380873410701,-3.087781208645801,-1.0244289023619846
2020-05-20,1.9454557067126732,1.9846243666635344,2.9998872222848805,3.2544378698224907,-0.13270359783529306
2020-05-21,-0.7455392943063521,-2.0496889436896093,-1.270119347421439,-1.7853206964954738,-0.9831433112894805
2020-05-22,0.6438337141630779,-0.4029851966289688,-0.7763114117777525,0.08976660682225024,0.6441000436006261
2020-05-26,-0.6773453081293845,-0.6163619053872194,7.097351067396884,2.937219730941698,-0.02672435376291915
2020-05-27,0.435699581980975,-0.47360293328269076,5.7921102066374575,0.7187976475713453,-0.2132892122931107
2020-05-28,0.04400965697615167,-0.3854148083920039,-1.489592581631649,-2.595155709342567,2.0582131134597503
2020-05-29,-0.09803551902266561,1.7187955520386433,-2.5535750050070027,0.9547069271758524,0.02624838710567623
2020-06-01,1.2304208341196388,1.1738598164897196,1.3256602610214774,1.7813943259291865,-7.148460590792816
2020-06-02,0.4623242981246056,0.05544224294222744,0.3346855983773045,2.2255834053586776,1.9738623145506562
2020-06-03,0.5505041133172517,0.24227373291647591,5.397755989083186,4.079475797928556,0.0
2020-06-04,-0.8612204724409489,-0.7182052937379058,2.0811355135705423,-0.28432168968318683,-0.41484576022966513
2020-06-05,2.848101265822778,0.910347069820383,4.50018789928599,8.105906313645605,-0.05536741700744585
2020-06-08,0.5912518853695259,1.6536447845348246,1.9958644250651858,3.1273549359457586,1.6669255818997808
2020-06-09,3.1583998080729536,3.0427168926253856,-2.56500661084178,-2.2287175739861165,-1.0384772843905488
2020-06-10,2.5721528407637306,1.7913305598917129,-4.052831554188529,-5.362481315396117,-0.8008693321524762
2020-06-11,-4.801042965650149,-3.38023380989253,-8.344333396190839,-8.825271470878581,-7.293915178427202
2020-06-12,0.8633521881512563,-0.5058718666437367,2.736343997531132,2.1437851883932435,1.3514241273240524
2020-06-15,1.2373081463990632,1.0868283942758739,1.3817963352358076,-0.06359974560101733,-1.1555544442117593
2020-06-16,2.649624481037449,1.6554721146819773,0.8000000000000007,2.248621128553241,0.1198472027220232
2020-06-17,-0.13974096796182112,0.9830724934710489,-2.5279247501469704,-3.2572614107883813,0.47913080555248566
2020-06-19,-0.5313036849949326,1.2885368310248557,-1.6787293928427816,-1.393952391164499,-0.4174367872455398
2020-06-22,2.6169507034198736,1.450835697810482,-1.083733769553219,0.9569377990430672,-0.9273872804636207
2020-06-23,2.133351166989894,1.8641619562093092,1.219638242894061,0.6031882809133915,-1.026871339998603
2020-06-24,-1.7646673651126266,-1.0855842657203407,-3.3391197794342964,-4.710920770877946,-1.7698773189803063
2020-06-25,1.3275565183580529,0.7380046811000573,3.486160997253318,1.5056179775280842,0.4037424830818148
2020-06-26,-3.0720315754851346,-2.2402689339209636,-5.481829318089004,-3.431481071507647,-0.8662530150761905
2020-06-30,3.15808524115464,2.449059924912844,1.587644454044712,2.5217790004585128,2.0597715681723194
2020-07-01,-0.18859649122806577,4.345336049470405,-0.850520944078248,-2.2584973166368427,3.180538036447622
2020-07-02,0.0,0.40295966929517757,-0.6433626420759286,0.8464882177991351,2.2820928094848147
2020-07-06,2.675001098563068,5.768951319932181,2.5253615368012072,0.7032667876588183,0.0
2020-07-07,-0.31028321367813083,-1.8619318033130106,-2.8210526315789575,-2.590673575129532,-1.3908545960866658
2020-07-08,2.329000890816002,2.699558684319303,1.0615251299826767,-0.23126734505087843,-0.8227237923412734
2020-07-10,0.6051833904953785,3.858674308934118,3.183279742765266,-1.1358368103847938,0.2369246060893948
2020-07-13,-0.46080066722269386,-3.0000000000000027,1.4334683702087903,0.023446658851100644,4.079316226523355
2020-07-14,1.6548314795031382,-0.6443298969072142,0.5734767025089571,3.305203938115331,0.056625311214508756
2020-07-15,0.6872179521523192,-2.436121919584955,1.5477038998065407,1.2707056954844642,1.3908768063432442
2020-07-16,-1.2310053722179526,-0.298118562782701,0.28075804672615945,-0.7842258570468275,-0.3357875058696447
2020-07-17,-0.20099044777356356,-1.2643754791826445,-1.8498150184981577,-1.7163504968382925,1.8256437609269094
2020-07-20,2.1073831077152994,7.929519880349911,-0.8761206193969029,-2.343750000000011,0.6896933047367604
2020-07-21,-1.3806706114398493,-1.8314961024011311,2.1685508735868497,5.05882352941176,0.5205187268245037
2020-07-22,0.28041237113403117,-1.2229589999649515,-0.7242732119505102,-2.3292273236282135,5.096865457932953
2020-07-23,-4.5511555226581235,-3.6568803610427247,0.293849427500259,0.20637468470534603,-0.3890252209811096
2020-07-24,-0.24772470246109402,0.7486899599872698,-0.7072135785007094,-0.617848970251722,-1.9527226886602023
2020-07-27,2.3700264535982285,1.5387632066097057,-1.4041514041513992,1.4736357356665897,-0.3184900713451455
2020-07-28,-1.642231832085228,-1.796275869743813,0.43343653250773606,-1.179941002949858,3.9425616815601527
2020-07-29,1.9162922372470748,1.106544946722532,2.4249897246198193,1.102181400688873,0.615047716888828
2020-07-30,1.210016835016825,0.6049058357754822,-2.6685393258427115,-4.905746082216678,-1.3246812569693622
2020-07-31,10.46886370724609,3.696082414773838,-0.39167182024324454,0.5015524241700486,-0.6709600119814363
2020-08-03,2.5202333897986096,-1.6680991443052684,-0.5587748344370924,0.4039923954372693,-0.3380202921833164
2020-08-04,0.6673520718206705,0.8657118342872083,-0.572320499479706,2.8875739644970366,0.10425320049074482
2020-08-05,0.36292344868462667,2.1090661169926417,1.7373103087388708,0.8741660915573934,0.15635433354308503
2020-08-06,3.4889108964865523,0.623083091265908,0.03086102252853884,-0.478905359179016,-0.46805638625352364
2020-08-07,-2.4494526044090192,-1.7841860465116266,2.200740436034554,-0.45829514207149646,0.47025745630961957
2020-08-10,1.4534752909200588,-0.6093210332569376,1.2678607365667283,2.4631675874769776,-0.1561102484045951
2020-08-11,-2.9744162940884222,-2.143791929253902,3.159777424483301,1.0334756234554154,-1.5627189716336365
2020-08-12,3.323428571428577,2.647800640769704,-0.8476208822962739,-1.9568601289748577,1.4289702146665473
2020-08-13,1.7697548889478831,-0.03858024691357764,-0.5537206139498707,-2.4495350419596384,-0.4175049332735159
2020-08-14,-0.08868794017912185,-0.41125965669309705,0.03907394744553372,0.4417577307602949,-0.2882553229123008
2020-08-17,-0.26107842795976,1.0924327037312276,-2.636461283077829,-1.2962962962963065,0.7619411900030348
2020-08-18,0.833275164037417,4.087468302324337,-1.3940427238993136,-0.49249530956848586,0.026132068724593616
2020-08-19,0.12547268589426785,-1.570117947525873,0.23393002441010058,-1.1077068112184785,-0.26070241149730444
2020-08-20,2.2185155736854867,1.1314285013249492,-1.1973617453069463,-1.5252621544327938,1.2024208335056574
2020-08-21,5.153244557176073,-0.3836390820563085,-0.05135051864024742,-0.7502420135527599,0.4130272499904608
2020-08-24,1.196430007236482,0.6922964514479268,2.815454171804377,2.9504998780785163,-0.10283208795264231
2020-08-25,-0.8207662603886945,1.1800596227921067,0.4397361583050152,-3.1738512553292186,-1.1070581748749975
2020-08-26,1.359503304626486,2.849552815039047,-1.4029850746268613,-2.1281800391389494,-0.9373618194651434
2020-08-27,-1.195049082373023,-1.21591585920362,3.289938439802187,-0.6748312921769473,-0.4993152090137398
2020-08-28,-0.16158707303415287,0.052941176470588935,0.4103566194430863,2.3905385002516155,0.13207279049745058
2020-08-31,3.3908082815204077,1.4451172908460208,-2.5104602510460206,-1.8432047186040745,-0.31638965180442735
2020-09-01,3.9832610043397443,1.3955537009991303,-0.049905180157694407,-1.276915373059584,-2.408229349859037
2020-09-02,-2.0718437919213017,0.9239465922860512,1.5078889554623665,-0.6086735987826608,0.8678415230990666
2020-09-03,-8.006088280060887,-4.628410426312135,-0.31480570585342704,-0.20413370757845772,-2.1506535048789632
2020-09-04,0.06618133686300265,-2.1787410926365824,2.161255304450793,-0.07670672462286587,-0.10983819876946299
2020-09-08,-6.72949735449736,-4.3944369912159775,-3.477588871715609,-2.3029682702149445,-1.1825667152149388
2020-09-09,3.9886544938840585,3.7706677164554447,0.9507606084868003,-0.6024096385542133,0.6958349726069901
2020-09-10,-3.264575519945445,-2.8605431666671732,-1.0310300386636273,-2.503293807641638,-1.4648596953651505
2020-09-11,-1.3128910036126484,-1.8547388909360696,1.2421115897024881,-0.2702702702702786,1.1780058234500457
2020-09-14,2.995535714285724,-0.4251946268235218,1.3851785890966806,-0.6504065040650486,2.606127074650866
2020-09-15,0.16037449612067434,1.7131973560814417,-3.1131062750073157,-1.0638297872340274,-0.13510586142811976
2020-09-16,-2.9513588367664934,-2.4723316213210556,0.42304593070106034,4.245933278191338,-0.487210370987734
2020-09-17,-1.5963613662712817,-2.2536629739124736,-1.1434302908726157,-0.026448029621806146,0.10899026258048838
2020-09-18,-3.172013775602678,-1.788794607691624,-0.21306818181818787,-1.6137566137566117,-0.5159940980131061
2020-09-21,3.0325720703856085,0.1881613991627562,-3.0910015251652156,-2.043560096800212,-1.6654475080205233
2020-09-22,1.5715843023255793,5.692339392056001,-1.0911761619976978,-2.4704913532802575,0.6384517837112913
2020-09-23,-4.194615866201589,-4.126890785844628,-1.6229977723560052,-3.208556149732622,-0.6896933047367715
2020-09-24,1.026885735623595,0.6643643370023877,-0.08626266982962871,-0.20354754289038102,-0.6666451777378568
2020-09-25,3.751617076326008,2.494875471473179,0.8741636088927196,0.932400932400923,0.8109479447528711
2020-09-28,2.386889918061974,2.5498121242080396,2.877928747191616,1.9341801385681423,0.9431284474812562
2020-09-29,-0.7567849686847539,-0.9190151383878686,-0.8423460898502544,-2.917020674030024,-0.6044214078235632
2020-09-30,1.5075817337189878,0.1224212052606033,0.964866282118515,0.14585764294048342,1.465265564800955
2020-10-01,0.8462136257663344,2.3034683824907143,0.7271216370624334,-3.495484998543541,-0.8991166925843119
2020-10-02,-3.2280160972686156,-2.9882716700918355,0.9487470351655203,-0.452761847268357,0.027554681540409298
2020-10-05,3.079101044062993,2.3743999999999987,1.1747880273776712,2.304426925409353,1.0169226129720599
2020-10-06,-2.866952789699573,-3.1020255063765823,-1.029886914378042,-1.0373443983402564,-1.5782025484325501
2020-10-07,1.6967126193001114,3.088104362636934,1.7445419302183351,0.32943995208145616,0.8294616373992536
2020-10-08,-0.09558567952728803,-0.16084163357521497,2.0555499849593817,5.253731343283574,1.1515198847612318
2020-10-09,1.7395842393667982,3.0120198711820922,-0.5698565533503563,-1.4747589336358335,-0.27109105571092584
2020-10-12,6.352056082756263,4.754993686580544,1.22529644268774,-0.3166378814047244,0.08172043010752361
2020-10-13,-2.6527331189710734,0.020331519955396615,-1.6204607575165952,-1.183944556742722,0.21717019783116243
2020-10-14,0.07431874483898593,-2.320806823032673,-0.5556658067076836,-0.20455873758036258,-0.10834979545045753
2020-10-15,-0.3960722831916841,-0.745010717332939,1.4967072440630558,0.8784773060029449,-0.8411225652091847
2020-10-16,-1.400049705906714,-1.975049795576056,-0.20644907589461026,-1.0159651669085723,3.8302907857709734
2020-10-19,-2.55419257267685,-2.0013994518304434,-1.684563097231806,-1.9941348973606998,-0.3950009173138813
2020-10-20,1.3191929643041833,0.30556153167395905,0.5711422845691372,0.837821663674454,-0.8202051210493333
2020-10-21,-0.5446344991915542,-0.996888415018915,-0.9963136395337302,-1.6023738872403714,-1.0937403274186352
2020-10-22,-0.9583297681184266,-0.2681369193768157,3.532253195129309,5.126658624849223,0.9439571663077073
2020-10-23,-0.6133909287256989,0.8815010703941528,0.9039657853810334,-2.008032128514059,2.003849871905805
2020-10-26,0.008692628650885936,0.08238671826239496,-2.4756767170792893,-2.371194379391084,-0.6810765706896871
2020-10-27,1.3472403302911662,2.472373278786666,-1.8866060845515564,-1.589205397301352,-1.292208912207693
2020-10-28,-4.631217838765,-3.759512891279926,-2.8088190878888475,-3.8086532602071954,-5.2897690922362735
2020-10-29,3.705035971223003,1.524924275479167,0.6525792417650722,4.434589800443445,-0.4796933771365808
2020-10-30,-5.601803676725625,-5.445638599692937,0.8953380673047295,-1.0615711252653925,0.5669246133789274
2020-11-02,-0.08267499540695056,-1.043097343675381,2.2541819665442553,4.199877375843064,2.1139826124186856
2020-11-03,1.5353498207226313,1.4621498562147117,3.152119700748135,-1.7063842306560884,-0.11035342212076804
2020-11-04,4.083665338645415,6.322968367115966,-3.0557973116719817,-0.5387608500448948,3.149858772295455
2020-11-05,3.549369290996074,2.4941687543965863,4.089775561097242,-0.18055973517904222,-2.518163501182624
2020-11-06,-0.2856422750567078,-0.3199879590608079,-1.3320555821753732,-1.1757612300271392,0.02753958452912375
2020-11-09,-1.9967983823405588,-5.062255199509568,13.539238539238552,12.660158633313001,7.692441451023457
2020-11-10,-0.3008940852819775,-3.458301259009966,-0.32506415739949057,-0.18954779312212455,-1.326440542955254
2020-11-11,3.0352677416573215,3.3729596510072346,-1.4933058702368607,-1.0309278350515538,-0.46554503132268943
2020-11-12,-0.23432923257176164,-0.8640940399503916,-1.2284370099320374,-3.4265350877192957,-2.467393686979402
2020-11-13,0.04194279003439938,0.5957662975680567,0.6262679721266595,2.4127164348566543,2.8495174951890023
2020-11-16,0.8720442730169253,0.07191232449397233,2.822580645161299,5.764966740576494,-3.3403624166206902
2020-11-18,-1.8869492934330823,-0.8176144819965092,-1.7476555839727181,-2.489517819706488,2.6368514902407547
2020-11-19,0.5168177581970745,0.3722475897290467,0.268980477223435,0.5106154259607587,-0.35792951541850915
2020-11-20,-1.0957518543492917,-0.5652835079659413,-0.8566978193146446,-1.2299465240641738,1.4092290688035414
2020-11-23,-2.974262825975804,-0.032586952313362616,2.8803351662739063,6.5511640498105095,-0.4904632152588517
2020-11-24,1.1594202898550732,0.6348458392907208,4.6237380164588116,6.656504065040636,0.21905805038333614
2020-11-25,0.7467222366935866,2.1490927050794584,-1.046059033409008,-2.7870414483087025,-0.19125683060109422
2020-11-27,0.4826338016030274,0.32244189295682624,-0.6637712038023436,-1.5192354814996478,1.916233232959197
2020-11-30,2.1099579723818485,-0.8543691751112581,-2.755320904141234,-5.125653147549125,2.900886381950052
2020-12-01,3.0827383452330936,1.642656027070366,1.5778758059043163,0.9703645423550844,2.8713129731140485
2020-12-02,0.2933507170795213,-0.5139623860276665,1.9208284616669458,3.7402597402597326,3.5270235980715547
2020-12-03,-0.11374715632109789,-0.5244214975355321,-0.6555227794165952,0.6760140210315457,-1.7401960784313553
2020-12-04,-0.5612493899463167,-0.7578301268071019,0.907291322995718,3.6558070131808007,0.623596906959345
2020-12-07,1.2269938650306678,-0.1448184709952005,-0.37600130783064234,-1.87140115163148,2.2558254833911606
2020-12-08,0.5090909090909035,0.6108296390120227,0.09845749917951618,3.276283618581921,3.1757575757575873
2020-12-09,-2.09036822640295,-2.3003880665598664,-0.7786885245901654,1.325757575757569,-1.6682330827067715
2020-12-10,1.1988832320578124,-0.08730107596159886,-0.6443618339529111,2.827102803738324,-0.28673835125448965
2020-12-11,-0.6734826355079493,0.48138152952290625,-0.5903384052548422,-0.47716428084526585,-1.4617780972921102
2020-12-14,-0.5146638346540278,1.301172499213843,-1.0538641686182681,-3.6073059360730575,-4.64494163424124
2020-12-15,5.0090326818853725,0.25815893087359765,1.7075232459847767,1.9422074846044524,-1.2751849018107664
2020-12-16,-0.05473881764153088,2.396117682741883,0.29089095744680993,1.5334572490706355,-2.2474812709894043
2020-12-17,0.6963461387997638,-0.15057266982623219,-0.8287063893262614,-0.5034324942791879,0.5021141649048655
2020-12-18,-1.5889665889665783,-1.0639415589231316,-0.4930224784824966,-1.7249310027598885,-0.9203260583749762
2020-12-21,1.243535588804212,0.14148954445363238,3.7537789721195924,-1.8254153990170718,-0.7961783439490389
2020-12-22,2.846447789128903,0.01060452002070722,-1.5216511533791999,-1.6924910607866495,-1.7121455323702572
2020-12-23,-0.6976038823172437,-0.6627122238439198,2.7944439878359484,1.285160038797284,1.9052803483941005
2020-12-24,0.7712278558338337,-0.3949429718673736,-0.4397537379067673,-0.4069906631553821,-0.45405982905981634
2020-12-28,3.5765704326740977,3.507118565003209,0.6585287504015547,0.33653846153847145,-1.2074054199087803
2020-12-29,-1.3314799912210074,1.1583575926625178,-0.2632838678793714,-1.1260182079539938,0.6246605105920677
2020-12-30,-0.8526729443167569,-1.0881998795906123,0.2799776017918587,0.7996123091834173,-0.8367071524966185
2020-12-31,-0.770266227938976,-0.8801375595355876,1.3640714741544269,-0.9134615384615463,0.19052803483941005
2021-01-04,-2.471927048006628,-2.158474391528209,-0.9443613756197289,0.679281901989337,0.0
2021-01-05,1.2363804960976665,1.0004299212647894,-0.17478350679271948,4.819277108433728,1.0323281716924537
2021-01-06,-3.3661552553240215,-2.4896613650415955,4.695582968563472,2.551724137931033,-0.8604463565474618
2021-01-07,3.4123222748815074,0.7577157641840637,3.283922462941846,0.784577449002466,0.5153241117439755
2021-01-08,0.8631225175679935,0.6495559996964051,0.11039964672112657,1.1120996441281061,0.18888289260658997
2021-01-11,-2.3248769405528336,-2.1519464605523564,1.4924275841788015,3.0356357237131704,1.7236735793159097
2021-01-12,-0.13955652039073785,0.21257397542233658,1.5718942412169312,2.220324508966698,-1.562086311887756
2021-01-13,1.6226708074533969,1.443846668995108,0.0927114534303275,1.1278195488721776,-0.8606777837547042
2021-01-14,-1.5127206050882358,-1.2135607996487607,0.5842536515853203,3.90334572490707,-0.29842647856754834
2021-01-15,-1.3730509657900791,-0.7424531650183641,-1.7921654742509063,-4.8101769032001584,-0.1360544217686943
2021-01-19,0.5427088249174039,0.5318514939196328,-0.4327755337564909,1.9837126748799339,0.08174386920978272
2021-01-20,3.2856137057028834,4.570040631128314,-1.4995653433787282,1.4127764127764175,-0.6261911244214491
2021-01-21,3.6658335226842365,1.3363445262273954,-0.8384202397587637,-2.8669493236422428,-0.05479452054795164
2021-01-22,1.6073646525900376,-0.4463273248482724,-0.7713416895349878,-1.4134275618374548,0.19188596491228616
2021-01-25,2.7683900194146682,0.053762950948144095,-1.2482248299573895,-1.1174362218005496,1.9972640218878457
2021-01-26,0.16792611251050804,0.9754098360655661,-0.4087193460490357,-2.196162046908323,0.08047210300430319
2021-01-28,-4.240011176306224,-2.661050530195763,-1.117191062471501,0.414214083278841,-3.8863575448941368
2021-01-29,-3.7420672550878997,-0.9704659595628939,-1.1067558219967966,-2.648719062092919,0.1115448968209698
2021-02-01,1.6520157623522103,4.262990455991522,0.7383228413771814,0.1784121320249632,-0.2785515320334331
2021-02-02,0.633666318771442,1.1104197578136077,3.0782286684153837,1.5805877114870803,-2.262569832402217
2021-02-03,-0.7778353952144657,-1.9961538461538364,1.1451238679739406,3.922857769011623,-0.4286939125464406
2021-02-04,2.5757802000895946,0.5575798558805412,2.301317152582527,1.9190215099114116,0.14351320321468464
2021-02-05,-0.4585486571075048,0.6349444611227995,-0.19529837251357485,3.3519553072625774,0.08598452278589797
2021-02-08,0.10968119333139015,-0.8713810539504485,1.5654442672851099,4.304304304304307,-0.286368843069873
2021-02-09,-0.6573661529471919,-0.5398833563049599,-0.39960039960038607,-2.8214971209213013,0.4307869040781176
2021-02-10,-0.4558488346445122,-0.5573373676248106,0.057314801547492245,0.9678056488247933,-0.6577066056619896
2021-02-11,-0.192037816677737,-0.7439344242343049,-0.279249606186438,-2.5039123630672844,-0.892343120322403
2021-02-12,0.17760674905646923,0.47760205755136287,1.4216988583327206,1.3643659711075395,0.8422887017136116
2021-02-16,-1.6104011228484927,-0.2672597636764751,2.4070796460176958,3.00870942201108,-0.0864055299539257
2021-02-17,-1.7643967264809657,1.2141513329968268,0.3110957483581034,1.5564950038432057,0.5765350245027445
2021-02-18,-0.863650259859372,0.5920861743798023,0.33769813921433744,-1.5704824976348175,-0.9458297506448776
2021-02-19,0.12335209313083517,-2.3535032134197387,1.6690706779311837,0.6728181468665717,-0.3472222222222321
2021-02-22,-2.979902979902982,-2.128065478937824,0.9390622888798772,3.6853160206224977,-0.5226480836236891
2021-02-23,-0.11111111111110628,0.4326037337223587,0.8031590924302279,1.3812154696132506,-1.0215995329830752
2021-02-24,-0.40521214047354315,-1.0946940053216392,1.7595113206294144,2.997275204359684,-0.47183721616042007
2021-02-25,-3.4782608695652195,-3.2400388665402846,-1.357170820827347,-1.6578483245149989,0.2074074074074117
2021-02-26,0.2231589387552857,1.1700401679990646,-2.652467257573765,-2.4928263988522215,-0.9757539917208735
2021-03-01,5.385122876463799,1.72037517822905,2.2626894068084713,3.7336766599227467,0.5971931919976026
2021-03-02,-2.0893653650520427,-1.6404228673866927,-0.32558139534883956,-0.5851063829787173,-0.5342831700801409
2021-03-03,-2.445652173913049,-2.8931695604825336,1.9332044530364634,0.8025682182985605,2.626081766636834
2021-03-04,-1.5811895788956254,-0.9128119800332679,-1.536851742855272,3.8747346072186772,-0.5524861878453025
2021-03-05,1.0738366769333263,0.76874767007995,0.2324654622741784,3.78129790495656,0.5555555555555536
2021-03-08,-4.167352989622797,-1.6167520980116423,1.3252932211251789,-0.0984736582964052,-0.11631288165163678
2021-03-09,4.060673771055345,3.7568386998424907,-0.7062978222483696,-1.5442746837522559,0.29112081513829047
2021-03-10,-0.9125820704463772,-0.1701030086357469,2.1734835012843234,3.0702486233939563,1.3933236574745989
2021-03-11,1.6502750458409654,1.829842623722877,-0.522142719009866,-0.7446980734984621,-0.6298310907529303
2021-03-12,-0.7625450967530312,-0.7740261241846347,1.1858475894245712,1.076496493231116,0.6626332469028995
2021-03-15,2.445674626125749,-0.25279253210076513,-0.49951969260326745,-2.5496207842504393,1.3451631368059491
2021-03-16,1.2742963142188923,0.33033929544925567,-1.1971423054643826,-2.1195562179168737,1.1861056198813946
2021-03-17,-0.6450585330891045,1.4188870129954179,1.0292489088658874,0.43985789206564263,-0.11163829193413521
2021-03-18,-3.3905097787752525,-3.4358825536637494,1.650654458701406,-4.311942058278584,-0.05588153115394512
2021-03-19,-0.44802123952543127,1.5511940264003599,-1.5921344751030908,-0.5632811124801962,-0.67095331283199
2021-03-22,2.83356946412201,1.1678200692041507,-2.6878948046925255,-1.0267303947601447,1.3228257810301125
2021-03-23,-0.6888726801199452,0.856030628087967,-1.0001987149764746,-1.234126274369518,-1.7777777777777781
2021-03-24,-1.9993471519503814,-1.6073306772908302,0.7761273919443257,2.0282506338283213,0.707013574660631
2021-03-25,0.4163544008660258,-1.3219654883109166,1.281370335944776,-0.283990060347894,0.16849199663016012
2021-03-26,0.5141388174807027,0.18941259117737363,1.6650278597181156,2.7233891064435856,1.6260162601625883
2021-03-29,0.14850259879548577,0.7765323407699087,-1.5539364240118592,-0.5371686016288346,1.0206896551724132
2021-03-30,-1.2274487190048533,-0.6645576822412957,1.1789363374377748,-1.236933797909412,-1.3926815947569615
2021-03-31,1.8765638031693177,1.269601248981278,-1.4564992232004137,-1.5170224025401247,0.33231791747436734
2021-04-01,0.6958657388456801,2.1628400041369344,0.9722130986008048,2.7941966684578157,0.19321004692243182
2021-04-05,2.357723577235782,2.0794052515026973,-0.058551818359253716,-1.550792821048963,-0.0550964187327696
2021-04-06,0.24622716441620174,-0.09018418026918162,-0.7030334591850096,-0.2831858407079557,-0.6339581036383768
2021-04-07,1.3390381110847116,1.723731473841572,1.5668021502556861,0.4437344692935774,-0.3883495145631133
2021-04-08,1.9233776387802992,0.6071251055836724,0.12263602917446104,-1.0425870295105222,0.13923698134226115
2021-04-09,2.02132555998773,2.209559603552247,0.7478081485301713,-0.23214285714285854,1.7797552836485098
2021-04-12,-1.3195984811459005,0.213213925627187,-0.21115945738419128,-0.6622516556291314,1.0109289617486361
2021-04-13,2.430661383724475,0.6098733795152356,-1.1926899647322742,0.3783783783783745,0.5139302136867752
2021-04-15,0.05207171018373202,-0.6149999999999989,-1.2460250502952963,2.279662538143956,1.1840688912809538
2021-04-16,-0.2527881040892188,0.6022331456102092,0.7425905237563368,-0.5616005616005615,2.579787234042552
2021-04-19,0.5068574836016637,-0.806897606664625,-0.4240052185257692,-0.31768443346276154,0.9333679025149033
2021-04-20,-1.2830020765351446,-1.1067582836349898,-2.214215525712415,-2.106940509915012,0.25687130747495956
2021-04-21,0.29299075952218256,0.8195664364603505,0.850807262008435,1.284138180502814,1.2810658467845348
2021-04-22,-1.168539325842699,-1.575838335286528,-2.105752623887336,-1.3035714285714262,-2.251454591449531
2021-04-23,1.8038502349552843,0.9622126054686708,1.9135509262400818,0.5427899402931091,0.05175983436851439
2021-04-27,0.052114353782006795,2.2913124685711495,0.7057726879286186,1.5116069821846212,-0.543197102948767
2021-04-28,-0.6027234169208806,1.2017802851850723,0.6479338842975135,3.0136500620457474,0.9362808842652726
2021-04-29,-0.07486150621351939,0.37039178834754605,1.9444261972016097,1.428325589399404,-0.5410976552434943
2021-04-30,-1.5133353311357345,-0.11206144078171887,-0.889232553643915,-2.8842891075670063,0.12953367875647714
2021-05-03,0.8215426745778132,-2.334012032000743,-0.29256875365710755,2.760307477288615,3.0530401034928767
2021-05-04,-3.5385543986721,-2.203461401037654,1.3823682837767137,0.6290377422645266,0.3012804418779824
2021-05-05,0.19554165037152238,-1.2479354564037815,1.3120658605608515,3.0072647406656605,0.05006257822277593
2021-05-06,1.2802498048399835,1.095537739945085,2.0124428643981673,0.9512875184517045,-1.9514635976982775
2021-05-07,0.3622629875134953,-0.44641101873050815,0.34227394361814323,1.4297319252640106,0.9951518244450064
2021-05-10,-2.5804469702787936,-3.0720528859737417,-0.012403870007449136,0.24026910139356428,0.707427993936327
2021-05-11,-0.741032715806067,1.0474880034101464,-1.662324773601298,-3.1799296899967966,-1.2794781736076177
2021-05-12,-2.493844809784762,-2.232382417623313,-0.6875236533366968,-0.9077405512460834,0.8640406607369755
2021-05-13,1.791968722000492,0.3023534711955156,2.572245157192765,-1.2325116588940754,1.0330057949105687
2021-05-14,1.9844762743058464,1.9430834390331109,1.5541795665634517,2.4789207419898984,-0.19950124688279391
2021-05-17,-0.9258532757944304,1.473517639393096,0.4024144869215318,2.33667928254071,0.2248875562218755
2021-05-18,-1.1245743248594287,-1.1653044438124982,-1.40887836278617,-2.8300369834378447,-0.14958863126403044
2021-05-19,-0.12815378454145154,-0.014850198621407795,-0.7637819525715961,-2.399470461691222,-0.549313358302117
2021-05-20,2.1012110032881504,0.4913670400396031,-0.17379430202967283,-0.23736859952525613,0.7280944012051149
2021-05-21,-1.4767103919566371,-1.3732880086708033,1.1378474165267605,0.13596193065941176,-0.4237288135593098
2021-05-24,1.3314199154907058,1.3084281379172502,0.541005778925352,1.1710794297352223,-0.35043804755945374
2021-05-25,-0.15735641227379027,0.4332833074986553,-1.0333863275039712,-2.2647206844489176,-1.2057272042200529
2021-05-26,-0.03940110323089607,0.18747794602720358,-0.01235712079084017,1.1671815997253754,-1.04246122552758
2021-05-27,-1.2376823019314087,-1.073454287079334,1.5571896434529942,-0.6447234475737917,-0.6937307297019579
2021-05-28,-0.534802043422733,-0.21794923392701726,-0.06693033160936057,-0.3244535519125735,0.2069857697283295
2021-06-01,-0.2648262579247218,-0.1371363327510755,1.1020457866536715,3.5806064759294154,-0.5938548928479115
2021-06-02,0.6276150627614996,0.4765973311792182,0.006022282445039551,0.7939133311280155,0.7532467532467502
2021-06-03,-1.2154166000319822,-1.4526946589197731,0.06624111766830865,0.39382999671808694,0.46403712296982924
2021-06-04,1.902217905131942,0.6027593261395348,0.16248420292472865,0.44132069303695065,0.4618937644341736
2021-06-07,0.00794344268806313,-0.2560647740953437,-0.4686373467916338,-0.6509357200976451,-0.4086845466155675
2021-06-08,0.6671961874503474,2.0669103598800476,-0.3984063745019917,1.7690417690417792,-0.35906642728904536
2021-06-09,0.3077165851349317,0.522041230228143,-1.2484848484848543,0.836954772251719,2.471042471042484
2021-06-10,-0.8023283253362656,2.087682672233826,-1.55885602062108,0.15961691939345712,2.1853805576488305
2021-06-11,0.9832685750535308,-0.08418790022838296,-0.0685785536159722,-0.924302788844622,-1.3028515240904648
2021-06-14,2.4577934825284586,1.1067188951933593,-1.6969243246615529,-0.16084928422068767,-1.2951432129514218
2021-06-15,-0.6437768240343367,-0.021868452393258853,-1.5167861902646407,3.64105042693732,-0.10093363613423723
2021-06-16,0.39339709966061953,0.949416664449787,0.7024101043948905,-0.35753147831494303,-0.732508209143734
2021-06-17,1.2600845178639908,2.166459263597087,-2.8860305880847426,-3.291731669266762,0.45801526717557106
2021-06-21,0.3869792852265075,-1.0111084362210643,-0.8763837638376293,0.9678980480722688,-0.1519756838905706
2021-06-22,1.2698412698412431,1.4904631205920227,-0.14624742405104918,1.9172391755871487,0.48198883815322446
2021-06-23,-0.2089864158829724,-0.04621388470491539,0.6058185207376221,0.7367926007211256,-1.4137843978793252
2021-06-24,-0.21690351533283359,-1.5622948667454395,0.9197988353626174,0.4046062869592193,0.35851472471191137
2021-06-25,-0.22487069934786774,-1.380658030547277,1.009769851157305,0.21698698078116418,-0.535850982393471
2021-06-28,1.2546014574412068,1.2474055258624217,0.18175916910094791,-2.5518094648932843,0.35915854284247484
2021-06-29,1.1500222584953423,0.12340696131409867,-0.12311281021190057,-0.6189493731153739,-0.05112474437626302
2021-06-30,0.4621139881170633,-0.2314291183072581,0.9082652134423386,0.7345895879910636,0.1534526854219731
2021-07-01,0.22634345794392274,-0.2090019068880511,0.9900990099010132,0.28535193405199166,1.0214504596527174
2021-07-02,1.9596415822831004,2.2723763971138844,-0.6684491978609652,-0.14226999683844,0.4297269969666173
2021-07-06,1.4718490997427836,4.692706879560693,-1.6791642632827064,-2.8494538546778636,-1.1074754593506153
2021-07-07,1.7955217574989302,0.5669606664236326,0.11733263802882199,-1.5642822225843234,0.15271061338764103
2021-07-08,-0.919969564916634,0.9422222703147298,-1.7253727456214674,-0.4469458698890816,-0.2541296060991183
2021-07-09,1.3055012566322244,-0.32347021635252826,3.199946998807479,1.8124376454938362,0.9171974522292903
2021-07-12,-0.42037075322169937,-0.021240327585003715,1.431597868652501,-0.09799118079372171,0.37869224943196667
2021-07-13,0.7889273356401327,-1.1076898253351453,-1.4873417721518956,-0.47408860552557996,-0.27665995975855173
